
[2026-01-27T10:09:05.606Z] 500 ERROR: POST /api/auth/register
TypeError: Cannot read properties of undefined (reading 'map')
    at D:\restaurant-management-system\backend\src\middleware\validate.js:10:39
    at Layer.handleRequest (D:\restaurant-management-system\backend\node_modules\router\lib\layer.js:152:17)
    at next (D:\restaurant-management-system\backend\node_modules\router\lib\route.js:157:13)
    at Route.dispatch (D:\restaurant-management-system\backend\node_modules\router\lib\route.js:117:3)
    at handle (D:\restaurant-management-system\backend\node_modules\router\index.js:435:11)
    at Layer.handleRequest (D:\restaurant-management-system\backend\node_modules\router\lib\layer.js:152:17)
    at D:\restaurant-management-system\backend\node_modules\router\index.js:295:15
    at processParams (D:\restaurant-management-system\backend\node_modules\router\index.js:582:12)
    at next (D:\restaurant-management-system\backend\node_modules\router\index.js:291:5)
    at Function.handle (D:\restaurant-management-system\backend\node_modules\router\index.js:186:3)

[2026-01-27T17:01:06.181Z] 500 ERROR: GET /api/venues/search?date=2026-01-28&startTime=18:00&endTime=20:00&capacity=23
PrismaClientValidationError: 
Invalid `prisma.venue.findUnique()` invocation in
D:\restaurant-management-system\backend\src\routes\venues.js:24:42

  21 router.get("/:id", async (req, res, next) => {
  22     try {
  23         const { id } = req.params
→ 24         const venue = await prisma.venue.findUnique({
               where: {
             +   id: Int
               }
             })

Argument `id` is missing.
    at wn (D:\restaurant-management-system\backend\node_modules\@prisma\client\runtime\library.js:29:1363)
    at $n.handleRequestError (D:\restaurant-management-system\backend\node_modules\@prisma\client\runtime\library.js:121:6958)
    at $n.handleAndLogRequestError (D:\restaurant-management-system\backend\node_modules\@prisma\client\runtime\library.js:121:6623)
    at $n.request (D:\restaurant-management-system\backend\node_modules\@prisma\client\runtime\library.js:121:6307)
    at async l (D:\restaurant-management-system\backend\node_modules\@prisma\client\runtime\library.js:130:9633)
    at async D:\restaurant-management-system\backend\src\routes\venues.js:24:23

[2026-01-27T17:18:05.765Z] 500 ERROR: GET /api/venues/search?date=2026-01-28&startTime=18:00&endTime=20:00&capacity=20&occasion=Meeting
PrismaClientValidationError: 
Invalid `prisma.venue.findUnique()` invocation in
D:\restaurant-management-system\backend\src\routes\venues.js:24:42

  21 router.get("/:id", async (req, res, next) => {
  22     try {
  23         const { id } = req.params
→ 24         const venue = await prisma.venue.findUnique({
               where: {
             +   id: Int
               }
             })

Argument `id` is missing.
    at wn (D:\restaurant-management-system\backend\node_modules\@prisma\client\runtime\library.js:29:1363)
    at $n.handleRequestError (D:\restaurant-management-system\backend\node_modules\@prisma\client\runtime\library.js:121:6958)
    at $n.handleAndLogRequestError (D:\restaurant-management-system\backend\node_modules\@prisma\client\runtime\library.js:121:6623)
    at $n.request (D:\restaurant-management-system\backend\node_modules\@prisma\client\runtime\library.js:121:6307)
    at async l (D:\restaurant-management-system\backend\node_modules\@prisma\client\runtime\library.js:130:9633)
    at async D:\restaurant-management-system\backend\src\routes\venues.js:24:23

[2026-01-27T17:20:24.986Z] 500 ERROR: GET /api/venues/search?date=2026-01-28&startTime=18:00&endTime=20:00&capacity=20&occasion=Meeting
PrismaClientValidationError: 
Invalid `prisma.venue.findUnique()` invocation in
D:\restaurant-management-system\backend\src\routes\venues.js:24:42

  21 router.get("/:id", async (req, res, next) => {
  22     try {
  23         const { id } = req.params
→ 24         const venue = await prisma.venue.findUnique({
               where: {
             +   id: Int
               }
             })

Argument `id` is missing.
    at wn (D:\restaurant-management-system\backend\node_modules\@prisma\client\runtime\library.js:29:1363)
    at $n.handleRequestError (D:\restaurant-management-system\backend\node_modules\@prisma\client\runtime\library.js:121:6958)
    at $n.handleAndLogRequestError (D:\restaurant-management-system\backend\node_modules\@prisma\client\runtime\library.js:121:6623)
    at $n.request (D:\restaurant-management-system\backend\node_modules\@prisma\client\runtime\library.js:121:6307)
    at async l (D:\restaurant-management-system\backend\node_modules\@prisma\client\runtime\library.js:130:9633)
    at async D:\restaurant-management-system\backend\src\routes\venues.js:24:23

[2026-01-27T17:22:33.128Z] 500 ERROR: GET /api/venues/search?date=2026-01-28&startTime=18:00&endTime=20:00&capacity=20&occasion=Meeting
PrismaClientValidationError: 
Invalid `prisma.venue.findUnique()` invocation in
D:\restaurant-management-system\backend\src\routes\venues.js:24:42

  21 router.get("/:id", async (req, res, next) => {
  22     try {
  23         const { id } = req.params
→ 24         const venue = await prisma.venue.findUnique({
               where: {
             +   id: Int
               }
             })

Argument `id` is missing.
    at wn (D:\restaurant-management-system\backend\node_modules\@prisma\client\runtime\library.js:29:1363)
    at $n.handleRequestError (D:\restaurant-management-system\backend\node_modules\@prisma\client\runtime\library.js:121:6958)
    at $n.handleAndLogRequestError (D:\restaurant-management-system\backend\node_modules\@prisma\client\runtime\library.js:121:6623)
    at $n.request (D:\restaurant-management-system\backend\node_modules\@prisma\client\runtime\library.js:121:6307)
    at async l (D:\restaurant-management-system\backend\node_modules\@prisma\client\runtime\library.js:130:9633)
    at async D:\restaurant-management-system\backend\src\routes\venues.js:24:23

[2026-01-27T17:30:22.714Z] 500 ERROR: GET /api/venues/search?date=2026-01-27&startTime=18:00&endTime=20:00&capacity=34&occasion=Corporate
PrismaClientValidationError: 
Invalid `prisma.venue.findUnique()` invocation in
D:\restaurant-management-system\backend\src\routes\venues.js:24:42

  21 router.get("/:id", async (req, res, next) => {
  22     try {
  23         const { id } = req.params
→ 24         const venue = await prisma.venue.findUnique({
               where: {
             +   id: Int
               }
             })

Argument `id` is missing.
    at wn (D:\restaurant-management-system\backend\node_modules\@prisma\client\runtime\library.js:29:1363)
    at $n.handleRequestError (D:\restaurant-management-system\backend\node_modules\@prisma\client\runtime\library.js:121:6958)
    at $n.handleAndLogRequestError (D:\restaurant-management-system\backend\node_modules\@prisma\client\runtime\library.js:121:6623)
    at $n.request (D:\restaurant-management-system\backend\node_modules\@prisma\client\runtime\library.js:121:6307)
    at async l (D:\restaurant-management-system\backend\node_modules\@prisma\client\runtime\library.js:130:9633)
    at async D:\restaurant-management-system\backend\src\routes\venues.js:24:23

[2026-01-27T17:34:08.795Z] 500 ERROR: GET /api/venues/search?date=2026-01-28&startTime=18:00&endTime=20:00&capacity=20&occasion=Meeting
PrismaClientValidationError: 
Invalid `prisma.venue.findUnique()` invocation in
D:\restaurant-management-system\backend\src\routes\venues.js:24:42

  21 router.get("/:id", async (req, res, next) => {
  22     try {
  23         const { id } = req.params
→ 24         const venue = await prisma.venue.findUnique({
               where: {
             +   id: Int
               }
             })

Argument `id` is missing.
    at wn (D:\restaurant-management-system\backend\node_modules\@prisma\client\runtime\library.js:29:1363)
    at $n.handleRequestError (D:\restaurant-management-system\backend\node_modules\@prisma\client\runtime\library.js:121:6958)
    at $n.handleAndLogRequestError (D:\restaurant-management-system\backend\node_modules\@prisma\client\runtime\library.js:121:6623)
    at $n.request (D:\restaurant-management-system\backend\node_modules\@prisma\client\runtime\library.js:121:6307)
    at async l (D:\restaurant-management-system\backend\node_modules\@prisma\client\runtime\library.js:130:9633)
    at async D:\restaurant-management-system\backend\src\routes\venues.js:24:23

[2026-01-27T17:35:54.777Z] 500 ERROR: GET /api/venues/search?date=2026-01-28&startTime=18:00&endTime=20:00&capacity=20&occasion=Meeting
PrismaClientValidationError: 
Invalid `prisma.venue.findUnique()` invocation in
D:\restaurant-management-system\backend\src\routes\venues.js:24:42

  21 router.get("/:id", async (req, res, next) => {
  22     try {
  23         const { id } = req.params
→ 24         const venue = await prisma.venue.findUnique({
               where: {
             +   id: Int
               }
             })

Argument `id` is missing.
    at wn (D:\restaurant-management-system\backend\node_modules\@prisma\client\runtime\library.js:29:1363)
    at $n.handleRequestError (D:\restaurant-management-system\backend\node_modules\@prisma\client\runtime\library.js:121:6958)
    at $n.handleAndLogRequestError (D:\restaurant-management-system\backend\node_modules\@prisma\client\runtime\library.js:121:6623)
    at $n.request (D:\restaurant-management-system\backend\node_modules\@prisma\client\runtime\library.js:121:6307)
    at async l (D:\restaurant-management-system\backend\node_modules\@prisma\client\runtime\library.js:130:9633)
    at async D:\restaurant-management-system\backend\src\routes\venues.js:24:23

[2026-01-27T17:36:55.509Z] 500 ERROR: GET /api/venues/search?date=2026-01-28&startTime=18:00&endTime=20:00&capacity=20
PrismaClientValidationError: 
Invalid `prisma.venue.findUnique()` invocation in
D:\restaurant-management-system\backend\src\routes\venues.js:24:42

  21 router.get("/:id", async (req, res, next) => {
  22     try {
  23         const { id } = req.params
→ 24         const venue = await prisma.venue.findUnique({
               where: {
             +   id: Int
               }
             })

Argument `id` is missing.
    at wn (D:\restaurant-management-system\backend\node_modules\@prisma\client\runtime\library.js:29:1363)
    at $n.handleRequestError (D:\restaurant-management-system\backend\node_modules\@prisma\client\runtime\library.js:121:6958)
    at $n.handleAndLogRequestError (D:\restaurant-management-system\backend\node_modules\@prisma\client\runtime\library.js:121:6623)
    at $n.request (D:\restaurant-management-system\backend\node_modules\@prisma\client\runtime\library.js:121:6307)
    at async l (D:\restaurant-management-system\backend\node_modules\@prisma\client\runtime\library.js:130:9633)
    at async D:\restaurant-management-system\backend\src\routes\venues.js:24:23

[2026-02-12T15:17:15.478Z] 500 ERROR: GET /api/auth/me
PrismaClientValidationError: 
Invalid `prisma.member.findUnique()` invocation in
D:\restaurant-management-system\backend\src\routes\auth.js:180:42

  177 // Get current user profile
  178 router.get("/me", authenticate, async (req, res, next) => {
  179     try {
→ 180         const user = await prisma.member.findUnique({
                where: {
                  id: 4
                },
                select: {
                  id: true,
                  fullName: true,
                  email: true,
                  username: true,
                  phone: true,
                  address: true,
                  nic: true,
                  role: true,
                  loyaltyPoints: true,
                  ~~~~~~~~~~~~~
                  status: true,
                  registrationDate: true,
                  notificationPreference: true,
                  emergencyContact: true,
                  emergencyPhone: true,
              ?   passwordHash?: true,
              ?   memberships?: true,
              ?   membershipPayments?: true,
              ?   venueBookings?: true,
              ?   bookingPayments?: true,
              ?   reservations?: true,
              ?   cart?: true,
              ?   orders?: true,
              ?   orderPayments?: true,
              ?   userNotifications?: true,
              ?   stockMovements?: true,
              ?   auditLogs?: true,
              ?   shifts?: true,
              ?   venueAssignments?: true,
              ?   membershipRequests?: true,
              ?   _count?: true
                }
              })

Unknown field `loyaltyPoints` for select statement on model `Member`. Available options are marked with ?.
    at wn (D:\restaurant-management-system\backend\node_modules\@prisma\client\runtime\library.js:29:1363)
    at $n.handleRequestError (D:\restaurant-management-system\backend\node_modules\@prisma\client\runtime\library.js:121:6958)
    at $n.handleAndLogRequestError (D:\restaurant-management-system\backend\node_modules\@prisma\client\runtime\library.js:121:6623)
    at $n.request (D:\restaurant-management-system\backend\node_modules\@prisma\client\runtime\library.js:121:6307)
    at async Array.$allOperations (D:\restaurant-management-system\backend\src\lib\prisma.js:9:32)
    at async l (D:\restaurant-management-system\backend\node_modules\@prisma\client\runtime\library.js:130:9633)
    at async D:\restaurant-management-system\backend\src\routes\auth.js:180:22

[2026-02-12T15:17:33.527Z] 500 ERROR: GET /api/auth/me
PrismaClientValidationError: 
Invalid `prisma.member.findUnique()` invocation in
D:\restaurant-management-system\backend\src\routes\auth.js:180:42

  177 // Get current user profile
  178 router.get("/me", authenticate, async (req, res, next) => {
  179     try {
→ 180         const user = await prisma.member.findUnique({
                where: {
                  id: 4
                },
                select: {
                  id: true,
                  fullName: true,
                  email: true,
                  username: true,
                  phone: true,
                  address: true,
                  nic: true,
                  role: true,
                  loyaltyPoints: true,
                  ~~~~~~~~~~~~~
                  status: true,
                  registrationDate: true,
                  notificationPreference: true,
                  emergencyContact: true,
                  emergencyPhone: true,
              ?   passwordHash?: true,
              ?   memberships?: true,
              ?   membershipPayments?: true,
              ?   venueBookings?: true,
              ?   bookingPayments?: true,
              ?   reservations?: true,
              ?   cart?: true,
              ?   orders?: true,
              ?   orderPayments?: true,
              ?   userNotifications?: true,
              ?   stockMovements?: true,
              ?   auditLogs?: true,
              ?   shifts?: true,
              ?   venueAssignments?: true,
              ?   membershipRequests?: true,
              ?   _count?: true
                }
              })

Unknown field `loyaltyPoints` for select statement on model `Member`. Available options are marked with ?.
    at wn (D:\restaurant-management-system\backend\node_modules\@prisma\client\runtime\library.js:29:1363)
    at $n.handleRequestError (D:\restaurant-management-system\backend\node_modules\@prisma\client\runtime\library.js:121:6958)
    at $n.handleAndLogRequestError (D:\restaurant-management-system\backend\node_modules\@prisma\client\runtime\library.js:121:6623)
    at $n.request (D:\restaurant-management-system\backend\node_modules\@prisma\client\runtime\library.js:121:6307)
    at async Array.$allOperations (D:\restaurant-management-system\backend\src\lib\prisma.js:9:32)
    at async l (D:\restaurant-management-system\backend\node_modules\@prisma\client\runtime\library.js:130:9633)
    at async D:\restaurant-management-system\backend\src\routes\auth.js:180:22

[2026-02-12T15:28:30.464Z] 500 ERROR: GET /api/auth/me
PrismaClientValidationError: 
Invalid `prisma.member.findUnique()` invocation in
D:\restaurant-management-system\backend\src\routes\auth.js:180:42

  177 // Get current user profile
  178 router.get("/me", authenticate, async (req, res, next) => {
  179     try {
→ 180         const user = await prisma.member.findUnique({
                where: {
                  id: 4
                },
                select: {
                  id: true,
                  fullName: true,
                  email: true,
                  username: true,
                  phone: true,
                  address: true,
                  nic: true,
                  role: true,
                  loyaltyPoints: true,
                  ~~~~~~~~~~~~~
                  status: true,
                  registrationDate: true,
                  notificationPreference: true,
                  emergencyContact: true,
                  emergencyPhone: true,
              ?   passwordHash?: true,
              ?   memberships?: true,
              ?   membershipPayments?: true,
              ?   venueBookings?: true,
              ?   bookingPayments?: true,
              ?   reservations?: true,
              ?   cart?: true,
              ?   orders?: true,
              ?   orderPayments?: true,
              ?   userNotifications?: true,
              ?   stockMovements?: true,
              ?   auditLogs?: true,
              ?   shifts?: true,
              ?   venueAssignments?: true,
              ?   membershipRequests?: true,
              ?   _count?: true
                }
              })

Unknown field `loyaltyPoints` for select statement on model `Member`. Available options are marked with ?.
    at wn (D:\restaurant-management-system\backend\node_modules\@prisma\client\runtime\library.js:29:1363)
    at $n.handleRequestError (D:\restaurant-management-system\backend\node_modules\@prisma\client\runtime\library.js:121:6958)
    at $n.handleAndLogRequestError (D:\restaurant-management-system\backend\node_modules\@prisma\client\runtime\library.js:121:6623)
    at $n.request (D:\restaurant-management-system\backend\node_modules\@prisma\client\runtime\library.js:121:6307)
    at async Array.$allOperations (D:\restaurant-management-system\backend\src\lib\prisma.js:9:32)
    at async l (D:\restaurant-management-system\backend\node_modules\@prisma\client\runtime\library.js:130:9633)
    at async D:\restaurant-management-system\backend\src\routes\auth.js:180:22

[2026-02-12T15:45:48.929Z] 500 ERROR: GET /api/auth/me
PrismaClientValidationError: 
Invalid `prisma.member.findUnique()` invocation in
D:\restaurant-management-system\backend\src\routes\auth.js:180:42

  177 // Get current user profile
  178 router.get("/me", authenticate, async (req, res, next) => {
  179     try {
→ 180         const user = await prisma.member.findUnique({
                where: {
                  id: 3
                },
                select: {
                  id: true,
                  fullName: true,
                  email: true,
                  username: true,
                  phone: true,
                  address: true,
                  nic: true,
                  role: true,
                  loyaltyPoints: true,
                  ~~~~~~~~~~~~~
                  status: true,
                  registrationDate: true,
                  notificationPreference: true,
                  emergencyContact: true,
                  emergencyPhone: true,
              ?   passwordHash?: true,
              ?   memberships?: true,
              ?   membershipPayments?: true,
              ?   venueBookings?: true,
              ?   bookingPayments?: true,
              ?   reservations?: true,
              ?   cart?: true,
              ?   orders?: true,
              ?   orderPayments?: true,
              ?   userNotifications?: true,
              ?   stockMovements?: true,
              ?   auditLogs?: true,
              ?   shifts?: true,
              ?   venueAssignments?: true,
              ?   membershipRequests?: true,
              ?   _count?: true
                }
              })

Unknown field `loyaltyPoints` for select statement on model `Member`. Available options are marked with ?.
    at wn (D:\restaurant-management-system\backend\node_modules\@prisma\client\runtime\library.js:29:1363)
    at $n.handleRequestError (D:\restaurant-management-system\backend\node_modules\@prisma\client\runtime\library.js:121:6958)
    at $n.handleAndLogRequestError (D:\restaurant-management-system\backend\node_modules\@prisma\client\runtime\library.js:121:6623)
    at $n.request (D:\restaurant-management-system\backend\node_modules\@prisma\client\runtime\library.js:121:6307)
    at async Array.$allOperations (D:\restaurant-management-system\backend\src\lib\prisma.js:9:32)
    at async l (D:\restaurant-management-system\backend\node_modules\@prisma\client\runtime\library.js:130:9633)
    at async D:\restaurant-management-system\backend\src\routes\auth.js:180:22

[2026-03-18T11:07:06.774Z] 500 ERROR: POST /api/auth/register
PrismaClientValidationError: 
Invalid `tx.member.create()` invocation in
D:\restaurant-management-system\backend\src\routes\auth.js:47:42

  44 
  45 // Create user and membership in a transaction
  46 const result = await prisma.$transaction(async (tx) => {
→ 47     const user = await tx.member.create({
           data: {
             fullName: "Rumeshika ",
             email: "Rumeshika@gmail.com",
             username: "Rumeshika123",
             passwordHash: "$2b$10$KwOj/8nvcPi6.hoo8w3QFeQjXEHEO0Bl2QqIYcmsJJDaIWmuDPT5a",
             phone: "0761857189",
             address: "Piliyandala",
             nic: "200234512345",
             emergencyContact: "Thenul Minjaya",
             ~~~~~~~~~~~~~~~~
             emergencyPhone: "0763631145",
             role: "member",
             status: "Active",
         ?   notificationPreference?: String,
         ?   registrationDate?: DateTime,
         ?   memberships?: UserCreateNestedManyWithoutMemberInput,
         ?   membershipPayments?: MembershipPaymentCreateNestedManyWithoutMemberInput,
         ?   venueBookings?: VenueBookingCreateNestedManyWithoutMemberInput,
         ?   bookingPayments?: BookingPaymentCreateNestedManyWithoutMemberInput,
         ?   reservations?: TableReservationCreateNestedManyWithoutMemberInput,
         ?   cart?: CartCreateNestedOneWithoutMemberInput,
         ?   orders?: OrderCreateNestedManyWithoutMemberInput,
         ?   orderPayments?: OrderPaymentCreateNestedManyWithoutMemberInput,
         ?   userNotifications?: UserNotificationCreateNestedManyWithoutMemberInput,
         ?   stockMovements?: StockMovementCreateNestedManyWithoutMemberInput,
         ?   auditLogs?: AuditLogCreateNestedManyWithoutMemberInput,
         ?   shifts?: ShiftCreateNestedManyWithoutStaffInput,
         ?   venueAssignments?: VenueAssignmentCreateNestedManyWithoutStaffInput,
         ?   membershipRequests?: MembershipUpgradeRequestCreateNestedManyWithoutMemberInput
           },
           select: {
             id: true,
             fullName: true,
             email: true,
             username: true,
             role: true,
             loyaltyPoints: true,
             registrationDate: true,
             emergencyContact: true,
             emergencyPhone: true
           }
         })

Unknown argument `emergencyContact`. Available options are marked with ?.
    at wn (D:\restaurant-management-system\backend\node_modules\@prisma\client\runtime\library.js:29:1363)
    at $n.handleRequestError (D:\restaurant-management-system\backend\node_modules\@prisma\client\runtime\library.js:121:6958)
    at $n.handleAndLogRequestError (D:\restaurant-management-system\backend\node_modules\@prisma\client\runtime\library.js:121:6623)
    at $n.request (D:\restaurant-management-system\backend\node_modules\@prisma\client\runtime\library.js:121:6307)
    at async Array.$allOperations (D:\restaurant-management-system\backend\src\lib\prisma.js:9:32)
    at async l (D:\restaurant-management-system\backend\node_modules\@prisma\client\runtime\library.js:130:9633)
    at async D:\restaurant-management-system\backend\src\routes\auth.js:47:26
    at async Proxy._transactionWithCallback (D:\restaurant-management-system\backend\node_modules\@prisma\client\runtime\library.js:130:8000)
    at async D:\restaurant-management-system\backend\src\routes\auth.js:46:24

[2026-03-18T11:07:11.369Z] 500 ERROR: POST /api/auth/register
PrismaClientValidationError: 
Invalid `tx.member.create()` invocation in
D:\restaurant-management-system\backend\src\routes\auth.js:47:42

  44 
  45 // Create user and membership in a transaction
  46 const result = await prisma.$transaction(async (tx) => {
→ 47     const user = await tx.member.create({
           data: {
             fullName: "Rumeshika ",
             email: "Rumeshika@gmail.com",
             username: "Rumeshika123",
             passwordHash: "$2b$10$wuMEgK5jtSsfX1GFry/KeOZgPLx0UPvXPstGI1LxA/F8.LZiwo.l6",
             phone: "0761857189",
             address: "Piliyandala",
             nic: "200234512345",
             emergencyContact: "Thenul Minjaya",
             ~~~~~~~~~~~~~~~~
             emergencyPhone: "0763631145",
             role: "member",
             status: "Active",
         ?   notificationPreference?: String,
         ?   registrationDate?: DateTime,
         ?   memberships?: UserCreateNestedManyWithoutMemberInput,
         ?   membershipPayments?: MembershipPaymentCreateNestedManyWithoutMemberInput,
         ?   venueBookings?: VenueBookingCreateNestedManyWithoutMemberInput,
         ?   bookingPayments?: BookingPaymentCreateNestedManyWithoutMemberInput,
         ?   reservations?: TableReservationCreateNestedManyWithoutMemberInput,
         ?   cart?: CartCreateNestedOneWithoutMemberInput,
         ?   orders?: OrderCreateNestedManyWithoutMemberInput,
         ?   orderPayments?: OrderPaymentCreateNestedManyWithoutMemberInput,
         ?   userNotifications?: UserNotificationCreateNestedManyWithoutMemberInput,
         ?   stockMovements?: StockMovementCreateNestedManyWithoutMemberInput,
         ?   auditLogs?: AuditLogCreateNestedManyWithoutMemberInput,
         ?   shifts?: ShiftCreateNestedManyWithoutStaffInput,
         ?   venueAssignments?: VenueAssignmentCreateNestedManyWithoutStaffInput,
         ?   membershipRequests?: MembershipUpgradeRequestCreateNestedManyWithoutMemberInput
           },
           select: {
             id: true,
             fullName: true,
             email: true,
             username: true,
             role: true,
             loyaltyPoints: true,
             registrationDate: true,
             emergencyContact: true,
             emergencyPhone: true
           }
         })

Unknown argument `emergencyContact`. Available options are marked with ?.
    at wn (D:\restaurant-management-system\backend\node_modules\@prisma\client\runtime\library.js:29:1363)
    at $n.handleRequestError (D:\restaurant-management-system\backend\node_modules\@prisma\client\runtime\library.js:121:6958)
    at $n.handleAndLogRequestError (D:\restaurant-management-system\backend\node_modules\@prisma\client\runtime\library.js:121:6623)
    at $n.request (D:\restaurant-management-system\backend\node_modules\@prisma\client\runtime\library.js:121:6307)
    at async Array.$allOperations (D:\restaurant-management-system\backend\src\lib\prisma.js:9:32)
    at async l (D:\restaurant-management-system\backend\node_modules\@prisma\client\runtime\library.js:130:9633)
    at async D:\restaurant-management-system\backend\src\routes\auth.js:47:26
    at async Proxy._transactionWithCallback (D:\restaurant-management-system\backend\node_modules\@prisma\client\runtime\library.js:130:8000)
    at async D:\restaurant-management-system\backend\src\routes\auth.js:46:24

[2026-03-18T11:07:17.695Z] 500 ERROR: POST /api/auth/register
PrismaClientValidationError: 
Invalid `tx.member.create()` invocation in
D:\restaurant-management-system\backend\src\routes\auth.js:47:42

  44 
  45 // Create user and membership in a transaction
  46 const result = await prisma.$transaction(async (tx) => {
→ 47     const user = await tx.member.create({
           data: {
             fullName: "Rumeshika ",
             email: "Rumeshika@gmail.com",
             username: "Rumeshika123",
             passwordHash: "$2b$10$ICIF.HlDBHTpnF2MfRAU4e1j1c1a1cjZwKAULDJhbiO8CGBmuvzoe",
             phone: "0761857189",
             address: "Piliyandala",
             nic: "200234512345",
             emergencyContact: "Thenul Minjaya",
             ~~~~~~~~~~~~~~~~
             emergencyPhone: "0763631145",
             role: "member",
             status: "Active",
         ?   notificationPreference?: String,
         ?   registrationDate?: DateTime,
         ?   memberships?: UserCreateNestedManyWithoutMemberInput,
         ?   membershipPayments?: MembershipPaymentCreateNestedManyWithoutMemberInput,
         ?   venueBookings?: VenueBookingCreateNestedManyWithoutMemberInput,
         ?   bookingPayments?: BookingPaymentCreateNestedManyWithoutMemberInput,
         ?   reservations?: TableReservationCreateNestedManyWithoutMemberInput,
         ?   cart?: CartCreateNestedOneWithoutMemberInput,
         ?   orders?: OrderCreateNestedManyWithoutMemberInput,
         ?   orderPayments?: OrderPaymentCreateNestedManyWithoutMemberInput,
         ?   userNotifications?: UserNotificationCreateNestedManyWithoutMemberInput,
         ?   stockMovements?: StockMovementCreateNestedManyWithoutMemberInput,
         ?   auditLogs?: AuditLogCreateNestedManyWithoutMemberInput,
         ?   shifts?: ShiftCreateNestedManyWithoutStaffInput,
         ?   venueAssignments?: VenueAssignmentCreateNestedManyWithoutStaffInput,
         ?   membershipRequests?: MembershipUpgradeRequestCreateNestedManyWithoutMemberInput
           },
           select: {
             id: true,
             fullName: true,
             email: true,
             username: true,
             role: true,
             loyaltyPoints: true,
             registrationDate: true,
             emergencyContact: true,
             emergencyPhone: true
           }
         })

Unknown argument `emergencyContact`. Available options are marked with ?.
    at wn (D:\restaurant-management-system\backend\node_modules\@prisma\client\runtime\library.js:29:1363)
    at $n.handleRequestError (D:\restaurant-management-system\backend\node_modules\@prisma\client\runtime\library.js:121:6958)
    at $n.handleAndLogRequestError (D:\restaurant-management-system\backend\node_modules\@prisma\client\runtime\library.js:121:6623)
    at $n.request (D:\restaurant-management-system\backend\node_modules\@prisma\client\runtime\library.js:121:6307)
    at async Array.$allOperations (D:\restaurant-management-system\backend\src\lib\prisma.js:9:32)
    at async l (D:\restaurant-management-system\backend\node_modules\@prisma\client\runtime\library.js:130:9633)
    at async D:\restaurant-management-system\backend\src\routes\auth.js:47:26
    at async Proxy._transactionWithCallback (D:\restaurant-management-system\backend\node_modules\@prisma\client\runtime\library.js:130:8000)
    at async D:\restaurant-management-system\backend\src\routes\auth.js:46:24

[2026-03-18T11:07:31.621Z] 500 ERROR: POST /api/auth/register
PrismaClientValidationError: 
Invalid `tx.member.create()` invocation in
D:\restaurant-management-system\backend\src\routes\auth.js:47:42

  44 
  45 // Create user and membership in a transaction
  46 const result = await prisma.$transaction(async (tx) => {
→ 47     const user = await tx.member.create({
           data: {
             fullName: "Rumeshika ",
             email: "Rumeshika@gmail.com",
             username: "Rumeshika123",
             passwordHash: "$2b$10$/ESnP9Lv3Y94uu9X1Sz.R.EIQzyQmAtgbdyQPjWICtgn4OADvVWPm",
             phone: "0761857189",
             address: "Piliyandala",
             nic: "200234512345",
             emergencyContact: "Thenul Minjaya",
             ~~~~~~~~~~~~~~~~
             emergencyPhone: "0763631145",
             role: "member",
             status: "Active",
         ?   notificationPreference?: String,
         ?   registrationDate?: DateTime,
         ?   memberships?: UserCreateNestedManyWithoutMemberInput,
         ?   membershipPayments?: MembershipPaymentCreateNestedManyWithoutMemberInput,
         ?   venueBookings?: VenueBookingCreateNestedManyWithoutMemberInput,
         ?   bookingPayments?: BookingPaymentCreateNestedManyWithoutMemberInput,
         ?   reservations?: TableReservationCreateNestedManyWithoutMemberInput,
         ?   cart?: CartCreateNestedOneWithoutMemberInput,
         ?   orders?: OrderCreateNestedManyWithoutMemberInput,
         ?   orderPayments?: OrderPaymentCreateNestedManyWithoutMemberInput,
         ?   userNotifications?: UserNotificationCreateNestedManyWithoutMemberInput,
         ?   stockMovements?: StockMovementCreateNestedManyWithoutMemberInput,
         ?   auditLogs?: AuditLogCreateNestedManyWithoutMemberInput,
         ?   shifts?: ShiftCreateNestedManyWithoutStaffInput,
         ?   venueAssignments?: VenueAssignmentCreateNestedManyWithoutStaffInput,
         ?   membershipRequests?: MembershipUpgradeRequestCreateNestedManyWithoutMemberInput
           },
           select: {
             id: true,
             fullName: true,
             email: true,
             username: true,
             role: true,
             loyaltyPoints: true,
             registrationDate: true,
             emergencyContact: true,
             emergencyPhone: true
           }
         })

Unknown argument `emergencyContact`. Available options are marked with ?.
    at wn (D:\restaurant-management-system\backend\node_modules\@prisma\client\runtime\library.js:29:1363)
    at $n.handleRequestError (D:\restaurant-management-system\backend\node_modules\@prisma\client\runtime\library.js:121:6958)
    at $n.handleAndLogRequestError (D:\restaurant-management-system\backend\node_modules\@prisma\client\runtime\library.js:121:6623)
    at $n.request (D:\restaurant-management-system\backend\node_modules\@prisma\client\runtime\library.js:121:6307)
    at async Array.$allOperations (D:\restaurant-management-system\backend\src\lib\prisma.js:9:32)
    at async l (D:\restaurant-management-system\backend\node_modules\@prisma\client\runtime\library.js:130:9633)
    at async D:\restaurant-management-system\backend\src\routes\auth.js:47:26
    at async Proxy._transactionWithCallback (D:\restaurant-management-system\backend\node_modules\@prisma\client\runtime\library.js:130:8000)
    at async D:\restaurant-management-system\backend\src\routes\auth.js:46:24

[2026-03-18T11:20:51.748Z] 500 ERROR: POST /api/auth/register
PrismaClientValidationError: 
Invalid `tx.user.create()` invocation in
D:\restaurant-management-system\backend\src\routes\auth.js:84:31

  81     endDate.setFullYear(endDate.getFullYear() + 1)
  82 }
  83 
→ 84 await tx.user.create({
       data: {
         memberId: 5,
         startDate: new Date("2026-03-18T11:20:51.704Z"),
         endDate: new Date("2027-03-18T11:20:51.704Z"),
         status: "Pending",
         membershipFee: 15000,
         type: "full",
     +   membershipType: String
       }
     })

Argument `membershipType` is missing.
    at wn (D:\restaurant-management-system\backend\node_modules\@prisma\client\runtime\library.js:29:1363)
    at $n.handleRequestError (D:\restaurant-management-system\backend\node_modules\@prisma\client\runtime\library.js:121:6958)
    at $n.handleAndLogRequestError (D:\restaurant-management-system\backend\node_modules\@prisma\client\runtime\library.js:121:6623)
    at $n.request (D:\restaurant-management-system\backend\node_modules\@prisma\client\runtime\library.js:121:6307)
    at async Array.$allOperations (D:\restaurant-management-system\backend\src\lib\prisma.js:9:32)
    at async l (D:\restaurant-management-system\backend\node_modules\@prisma\client\runtime\library.js:130:9633)
    at async D:\restaurant-management-system\backend\src\routes\auth.js:84:17
    at async Proxy._transactionWithCallback (D:\restaurant-management-system\backend\node_modules\@prisma\client\runtime\library.js:130:8000)
    at async D:\restaurant-management-system\backend\src\routes\auth.js:46:24

[2026-03-18T11:20:57.257Z] 500 ERROR: POST /api/auth/register
PrismaClientValidationError: 
Invalid `tx.user.create()` invocation in
D:\restaurant-management-system\backend\src\routes\auth.js:84:31

  81     endDate.setFullYear(endDate.getFullYear() + 1)
  82 }
  83 
→ 84 await tx.user.create({
       data: {
         memberId: 6,
         startDate: new Date("2026-03-18T11:20:57.229Z"),
         endDate: new Date("2027-03-18T11:20:57.229Z"),
         status: "Pending",
         membershipFee: 15000,
         type: "full",
     +   membershipType: String
       }
     })

Argument `membershipType` is missing.
    at wn (D:\restaurant-management-system\backend\node_modules\@prisma\client\runtime\library.js:29:1363)
    at $n.handleRequestError (D:\restaurant-management-system\backend\node_modules\@prisma\client\runtime\library.js:121:6958)
    at $n.handleAndLogRequestError (D:\restaurant-management-system\backend\node_modules\@prisma\client\runtime\library.js:121:6623)
    at $n.request (D:\restaurant-management-system\backend\node_modules\@prisma\client\runtime\library.js:121:6307)
    at async Array.$allOperations (D:\restaurant-management-system\backend\src\lib\prisma.js:9:32)
    at async l (D:\restaurant-management-system\backend\node_modules\@prisma\client\runtime\library.js:130:9633)
    at async D:\restaurant-management-system\backend\src\routes\auth.js:84:17
    at async Proxy._transactionWithCallback (D:\restaurant-management-system\backend\node_modules\@prisma\client\runtime\library.js:130:8000)
    at async D:\restaurant-management-system\backend\src\routes\auth.js:46:24

[2026-04-03T07:32:34.229Z] 500 ERROR: POST /api/auth/register
TypeError: Cannot read properties of undefined (reading 'map')
    at D:\restaurant-management-system\backend\src\middleware\validate.js:13:43
    at Layer.handleRequest (D:\restaurant-management-system\backend\node_modules\router\lib\layer.js:152:17)
    at next (D:\restaurant-management-system\backend\node_modules\router\lib\route.js:157:13)
    at multerMiddleware (D:\restaurant-management-system\backend\node_modules\multer\lib\make-middleware.js:19:41)
    at Layer.handleRequest (D:\restaurant-management-system\backend\node_modules\router\lib\layer.js:152:17)
    at next (D:\restaurant-management-system\backend\node_modules\router\lib\route.js:157:13)
    at Route.dispatch (D:\restaurant-management-system\backend\node_modules\router\lib\route.js:117:3)
    at handle (D:\restaurant-management-system\backend\node_modules\router\index.js:435:11)
    at Layer.handleRequest (D:\restaurant-management-system\backend\node_modules\router\lib\layer.js:152:17)
    at D:\restaurant-management-system\backend\node_modules\router\index.js:295:15

[2026-04-03T07:32:43.231Z] 500 ERROR: POST /api/auth/register
TypeError: Cannot read properties of undefined (reading 'map')
    at D:\restaurant-management-system\backend\src\middleware\validate.js:13:43
    at Layer.handleRequest (D:\restaurant-management-system\backend\node_modules\router\lib\layer.js:152:17)
    at next (D:\restaurant-management-system\backend\node_modules\router\lib\route.js:157:13)
    at multerMiddleware (D:\restaurant-management-system\backend\node_modules\multer\lib\make-middleware.js:19:41)
    at Layer.handleRequest (D:\restaurant-management-system\backend\node_modules\router\lib\layer.js:152:17)
    at next (D:\restaurant-management-system\backend\node_modules\router\lib\route.js:157:13)
    at Route.dispatch (D:\restaurant-management-system\backend\node_modules\router\lib\route.js:117:3)
    at handle (D:\restaurant-management-system\backend\node_modules\router\index.js:435:11)
    at Layer.handleRequest (D:\restaurant-management-system\backend\node_modules\router\lib\layer.js:152:17)
    at D:\restaurant-management-system\backend\node_modules\router\index.js:295:15

[2026-04-03T07:32:53.312Z] 500 ERROR: POST /api/auth/register
TypeError: Cannot read properties of undefined (reading 'map')
    at D:\restaurant-management-system\backend\src\middleware\validate.js:13:43
    at Layer.handleRequest (D:\restaurant-management-system\backend\node_modules\router\lib\layer.js:152:17)
    at next (D:\restaurant-management-system\backend\node_modules\router\lib\route.js:157:13)
    at multerMiddleware (D:\restaurant-management-system\backend\node_modules\multer\lib\make-middleware.js:19:41)
    at Layer.handleRequest (D:\restaurant-management-system\backend\node_modules\router\lib\layer.js:152:17)
    at next (D:\restaurant-management-system\backend\node_modules\router\lib\route.js:157:13)
    at Route.dispatch (D:\restaurant-management-system\backend\node_modules\router\lib\route.js:117:3)
    at handle (D:\restaurant-management-system\backend\node_modules\router\index.js:435:11)
    at Layer.handleRequest (D:\restaurant-management-system\backend\node_modules\router\lib\layer.js:152:17)
    at D:\restaurant-management-system\backend\node_modules\router\index.js:295:15

[2026-04-03T16:32:31.805Z] 500 ERROR: POST /api/deliveries
PrismaClientValidationError: 
Invalid `tx.delivery.create()` invocation in
D:\restaurant-management-system\backend\src\routes\deliveries.js:55:51

  52 
  53 // Create Delivery in Transaction
  54 const delivery = await prisma.$transaction(async (tx) => {
→ 55     const newDelivery = await tx.delivery.create({
           data: {
             supplierId: 2,
             deliveryDate: new Date("2026-04-03T16:32:31.774Z"),
             deliveryStatus: "On-Process",
             deliveryItems: {
               create: [
                 {
                   productId: 1,
                   quantity: 56
                 }
               ]
             }
           },
           include: {
             deliveryItems: {
               include: {
                 product: true
               }
             },
             supplier: true
           }
         })

Argument `unitPrice` is missing.
    at wn (D:\restaurant-management-system\backend\node_modules\@prisma\client\runtime\library.js:29:1363)
    at $n.handleRequestError (D:\restaurant-management-system\backend\node_modules\@prisma\client\runtime\library.js:121:6958)
    at $n.handleAndLogRequestError (D:\restaurant-management-system\backend\node_modules\@prisma\client\runtime\library.js:121:6623)
    at $n.request (D:\restaurant-management-system\backend\node_modules\@prisma\client\runtime\library.js:121:6307)
    at async Array.$allOperations (D:\restaurant-management-system\backend\src\lib\prisma.js:9:32)
    at async l (D:\restaurant-management-system\backend\node_modules\@prisma\client\runtime\library.js:130:9633)
    at async D:\restaurant-management-system\backend\src\routes\deliveries.js:55:33
    at async Proxy._transactionWithCallback (D:\restaurant-management-system\backend\node_modules\@prisma\client\runtime\library.js:130:8000)
    at async D:\restaurant-management-system\backend\src\routes\deliveries.js:54:26

[2026-04-03T16:32:33.490Z] 500 ERROR: POST /api/deliveries
PrismaClientValidationError: 
Invalid `tx.delivery.create()` invocation in
D:\restaurant-management-system\backend\src\routes\deliveries.js:55:51

  52 
  53 // Create Delivery in Transaction
  54 const delivery = await prisma.$transaction(async (tx) => {
→ 55     const newDelivery = await tx.delivery.create({
           data: {
             supplierId: 2,
             deliveryDate: new Date("2026-04-03T16:32:33.486Z"),
             deliveryStatus: "On-Process",
             deliveryItems: {
               create: [
                 {
                   productId: 1,
                   quantity: 56
                 }
               ]
             }
           },
           include: {
             deliveryItems: {
               include: {
                 product: true
               }
             },
             supplier: true
           }
         })

Argument `unitPrice` is missing.
    at wn (D:\restaurant-management-system\backend\node_modules\@prisma\client\runtime\library.js:29:1363)
    at $n.handleRequestError (D:\restaurant-management-system\backend\node_modules\@prisma\client\runtime\library.js:121:6958)
    at $n.handleAndLogRequestError (D:\restaurant-management-system\backend\node_modules\@prisma\client\runtime\library.js:121:6623)
    at $n.request (D:\restaurant-management-system\backend\node_modules\@prisma\client\runtime\library.js:121:6307)
    at async Array.$allOperations (D:\restaurant-management-system\backend\src\lib\prisma.js:9:32)
    at async l (D:\restaurant-management-system\backend\node_modules\@prisma\client\runtime\library.js:130:9633)
    at async D:\restaurant-management-system\backend\src\routes\deliveries.js:55:33
    at async Proxy._transactionWithCallback (D:\restaurant-management-system\backend\node_modules\@prisma\client\runtime\library.js:130:8000)
    at async D:\restaurant-management-system\backend\src\routes\deliveries.js:54:26

[2026-04-03T16:38:09.485Z] 500 ERROR: POST /api/auth/register
PrismaClientValidationError: 
Invalid `tx.member.create()` invocation in
D:\restaurant-management-system\backend\src\routes\auth.js:49:42

  46 
  47 // Create user and membership in a transaction
  48 const result = await prisma.$transaction(async (tx) => {
→ 49     const user = await tx.member.create({
           data: {
             fullName: "Saman Kumara",
             email: "Saman@email.com",
             username: "Saman",
             passwordHash: "$2b$10$nnRvlkCHDK/tslEkglQzUOHcRsr7y5hVtasXDFjJX8DbGbYD/zuLe",
             phone: "0784532345",
             address: undefined,
             emergencyContact: undefined,
             emergencyPhone: undefined,
             paymentSlipUrl: null,
             role: "staff",
             status: "Active",
         +   nic: String
           },
           select: {
             id: true,
             fullName: true,
             email: true,
             username: true,
             role: true,
             loyaltyPoints: true,
             registrationDate: true,
             emergencyContact: true,
             emergencyPhone: true
           }
         })

Argument `nic` is missing.
    at wn (D:\restaurant-management-system\backend\node_modules\@prisma\client\runtime\library.js:29:1363)
    at $n.handleRequestError (D:\restaurant-management-system\backend\node_modules\@prisma\client\runtime\library.js:121:6958)
    at $n.handleAndLogRequestError (D:\restaurant-management-system\backend\node_modules\@prisma\client\runtime\library.js:121:6623)
    at $n.request (D:\restaurant-management-system\backend\node_modules\@prisma\client\runtime\library.js:121:6307)
    at async Array.$allOperations (D:\restaurant-management-system\backend\src\lib\prisma.js:9:32)
    at async l (D:\restaurant-management-system\backend\node_modules\@prisma\client\runtime\library.js:130:9633)
    at async D:\restaurant-management-system\backend\src\routes\auth.js:49:26
    at async Proxy._transactionWithCallback (D:\restaurant-management-system\backend\node_modules\@prisma\client\runtime\library.js:130:8000)
    at async D:\restaurant-management-system\backend\src\routes\auth.js:48:24

[2026-04-03T16:40:07.370Z] 500 ERROR: POST /api/auth/register
PrismaClientValidationError: 
Invalid `tx.member.create()` invocation in
D:\restaurant-management-system\backend\src\routes\auth.js:49:42

  46 
  47 // Create user and membership in a transaction
  48 const result = await prisma.$transaction(async (tx) => {
→ 49     const user = await tx.member.create({
           data: {
             fullName: "Saman Kumara",
             email: "Saman@email.com",
             username: "Saman",
             passwordHash: "$2b$10$Dvtf8UDazjoEGCxg34ZLveIYX9TnR98Ig5zPOgN/pyHqTSqARrTl6",
             phone: "0784532345",
             address: undefined,
             emergencyContact: undefined,
             emergencyPhone: undefined,
             paymentSlipUrl: null,
             role: "staff",
             status: "Active",
         +   nic: String
           },
           select: {
             id: true,
             fullName: true,
             email: true,
             username: true,
             role: true,
             loyaltyPoints: true,
             registrationDate: true,
             emergencyContact: true,
             emergencyPhone: true
           }
         })

Argument `nic` is missing.
    at wn (D:\restaurant-management-system\backend\node_modules\@prisma\client\runtime\library.js:29:1363)
    at $n.handleRequestError (D:\restaurant-management-system\backend\node_modules\@prisma\client\runtime\library.js:121:6958)
    at $n.handleAndLogRequestError (D:\restaurant-management-system\backend\node_modules\@prisma\client\runtime\library.js:121:6623)
    at $n.request (D:\restaurant-management-system\backend\node_modules\@prisma\client\runtime\library.js:121:6307)
    at async Array.$allOperations (D:\restaurant-management-system\backend\src\lib\prisma.js:9:32)
    at async l (D:\restaurant-management-system\backend\node_modules\@prisma\client\runtime\library.js:130:9633)
    at async D:\restaurant-management-system\backend\src\routes\auth.js:49:26
    at async Proxy._transactionWithCallback (D:\restaurant-management-system\backend\node_modules\@prisma\client\runtime\library.js:130:8000)
    at async D:\restaurant-management-system\backend\src\routes\auth.js:48:24

[2026-04-05T06:11:58.272Z] 500 ERROR: POST /api/menu
PrismaClientValidationError: 
Invalid `prisma.menuItem.create()` invocation in
D:\restaurant-management-system\backend\src\routes\menu.js:49:48

  46     finalImageUrl = `/uploads/${req.file.filename}`
  47 }
  48 
→ 49 const menuItem = await prisma.menuItem.create({
       data: {
         name: "Chicken Kottu",
         category: "mains",
         price: 1800,
         description: "Flavorful kottu roti with toasted chicken.",
         imageUrl: "/uploads/1775369518237-848794858.jfif",
         isPopular: false,
         ~~~~~~~~~
         availabilityStatus: "Available",
     ?   isVegetarian?: Boolean,
     ?   isSpicy?: Boolean,
     ?   prepTime?: Int | Null,
     ?   cartItems?: CartItemCreateNestedManyWithoutMenuItemInput,
     ?   orderItems?: OrderItemCreateNestedManyWithoutMenuItemInput
       }
     })

Unknown argument `isPopular`. Available options are marked with ?.
    at wn (D:\restaurant-management-system\backend\node_modules\@prisma\client\runtime\library.js:29:1363)
    at $n.handleRequestError (D:\restaurant-management-system\backend\node_modules\@prisma\client\runtime\library.js:121:6958)
    at $n.handleAndLogRequestError (D:\restaurant-management-system\backend\node_modules\@prisma\client\runtime\library.js:121:6623)
    at $n.request (D:\restaurant-management-system\backend\node_modules\@prisma\client\runtime\library.js:121:6307)
    at async Array.$allOperations (D:\restaurant-management-system\backend\src\lib\prisma.js:9:32)
    at async l (D:\restaurant-management-system\backend\node_modules\@prisma\client\runtime\library.js:130:9633)
    at async D:\restaurant-management-system\backend\src\routes\menu.js:49:26

[2026-04-05T06:12:00.131Z] 500 ERROR: POST /api/menu
PrismaClientValidationError: 
Invalid `prisma.menuItem.create()` invocation in
D:\restaurant-management-system\backend\src\routes\menu.js:49:48

  46     finalImageUrl = `/uploads/${req.file.filename}`
  47 }
  48 
→ 49 const menuItem = await prisma.menuItem.create({
       data: {
         name: "Chicken Kottu",
         category: "mains",
         price: 1800,
         description: "Flavorful kottu roti with toasted chicken.",
         imageUrl: "/uploads/1775369520123-381418983.jfif",
         isPopular: false,
         ~~~~~~~~~
         availabilityStatus: "Available",
     ?   isVegetarian?: Boolean,
     ?   isSpicy?: Boolean,
     ?   prepTime?: Int | Null,
     ?   cartItems?: CartItemCreateNestedManyWithoutMenuItemInput,
     ?   orderItems?: OrderItemCreateNestedManyWithoutMenuItemInput
       }
     })

Unknown argument `isPopular`. Available options are marked with ?.
    at wn (D:\restaurant-management-system\backend\node_modules\@prisma\client\runtime\library.js:29:1363)
    at $n.handleRequestError (D:\restaurant-management-system\backend\node_modules\@prisma\client\runtime\library.js:121:6958)
    at $n.handleAndLogRequestError (D:\restaurant-management-system\backend\node_modules\@prisma\client\runtime\library.js:121:6623)
    at $n.request (D:\restaurant-management-system\backend\node_modules\@prisma\client\runtime\library.js:121:6307)
    at async Array.$allOperations (D:\restaurant-management-system\backend\src\lib\prisma.js:9:32)
    at async l (D:\restaurant-management-system\backend\node_modules\@prisma\client\runtime\library.js:130:9633)
    at async D:\restaurant-management-system\backend\src\routes\menu.js:49:26

[2026-04-05T06:18:50.914Z] 500 ERROR: POST /api/menu
PrismaClientValidationError: 
Invalid `prisma.menuItem.create()` invocation in
D:\restaurant-management-system\backend\src\routes\menu.js:49:48

  46     finalImageUrl = `/uploads/${req.file.filename}`
  47 }
  48 
→ 49 const menuItem = await prisma.menuItem.create({
       data: {
         name: "Chicken Kottu",
         category: "mains",
         price: 1800,
         description: "Kottu roti fixed with toasted chicken and boiled vegetables",
         imageUrl: "/uploads/1775369930906-647189631.jfif",
         isPopular: false,
         ~~~~~~~~~
         availabilityStatus: "Available",
     ?   isVegetarian?: Boolean,
     ?   isSpicy?: Boolean,
     ?   prepTime?: Int | Null,
     ?   cartItems?: CartItemCreateNestedManyWithoutMenuItemInput,
     ?   orderItems?: OrderItemCreateNestedManyWithoutMenuItemInput
       }
     })

Unknown argument `isPopular`. Available options are marked with ?.
    at wn (D:\restaurant-management-system\backend\node_modules\@prisma\client\runtime\library.js:29:1363)
    at $n.handleRequestError (D:\restaurant-management-system\backend\node_modules\@prisma\client\runtime\library.js:121:6958)
    at $n.handleAndLogRequestError (D:\restaurant-management-system\backend\node_modules\@prisma\client\runtime\library.js:121:6623)
    at $n.request (D:\restaurant-management-system\backend\node_modules\@prisma\client\runtime\library.js:121:6307)
    at async Array.$allOperations (D:\restaurant-management-system\backend\src\lib\prisma.js:9:32)
    at async l (D:\restaurant-management-system\backend\node_modules\@prisma\client\runtime\library.js:130:9633)
    at async D:\restaurant-management-system\backend\src\routes\menu.js:49:26

[2026-04-05T06:23:18.611Z] 500 ERROR: POST /api/menu
PrismaClientValidationError: 
Invalid `prisma.menuItem.create()` invocation in
D:\restaurant-management-system\backend\src\routes\menu.js:49:48

  46     finalImageUrl = `/uploads/${req.file.filename}`
  47 }
  48 
→ 49 const menuItem = await prisma.menuItem.create({
       data: {
         name: "Chicken Kottu",
         category: "mains",
         price: 1800,
         description: "Kottu roti fixed with toasted chicken and boiled vegetables",
         imageUrl: "/uploads/1775370198605-873381628.jfif",
         isPopular: false,
         ~~~~~~~~~
         availabilityStatus: "Available",
     ?   isVegetarian?: Boolean,
     ?   isSpicy?: Boolean,
     ?   prepTime?: Int | Null,
     ?   cartItems?: CartItemCreateNestedManyWithoutMenuItemInput,
     ?   orderItems?: OrderItemCreateNestedManyWithoutMenuItemInput
       }
     })

Unknown argument `isPopular`. Available options are marked with ?.
    at wn (D:\restaurant-management-system\backend\node_modules\@prisma\client\runtime\library.js:29:1363)
    at $n.handleRequestError (D:\restaurant-management-system\backend\node_modules\@prisma\client\runtime\library.js:121:6958)
    at $n.handleAndLogRequestError (D:\restaurant-management-system\backend\node_modules\@prisma\client\runtime\library.js:121:6623)
    at $n.request (D:\restaurant-management-system\backend\node_modules\@prisma\client\runtime\library.js:121:6307)
    at async Array.$allOperations (D:\restaurant-management-system\backend\src\lib\prisma.js:9:32)
    at async l (D:\restaurant-management-system\backend\node_modules\@prisma\client\runtime\library.js:130:9633)
    at async D:\restaurant-management-system\backend\src\routes\menu.js:49:26

[2026-04-05T11:33:56.702Z] 500 ERROR: POST /api/venues/bookings
PrismaClientValidationError: 
Invalid `prisma.venueBooking.findFirst()` invocation in
D:\restaurant-management-system\backend\src\routes\venues.js:212:62

  209 const startOfDay = new Date(dateObj.setHours(0, 0, 0, 0));
  210 const endOfDay = new Date(dateObj.setHours(23, 59, 59, 999));
  211 
→ 212 const conflictingBooking = await prisma.venueBooking.findFirst({
        where: {
          venueId: 2,
          bookingDate: {
            gte: new Date("2026-04-08T18:30:00.000Z"),
            lte: new Date("2026-04-09T18:29:59.999Z")
          },
          bookingStatus: {
            not: "Cancelled"
          },
          AND: [
            {
              startTime: {
                lt: "22:02"
              }
            },
            {
              endTime: {
                gt: "18:02"
              }
            }
          ]
        }
      })

Unknown argument `startTime`. Available options are marked with ?.
    at wn (D:\restaurant-management-system\backend\node_modules\@prisma\client\runtime\library.js:29:1363)
    at $n.handleRequestError (D:\restaurant-management-system\backend\node_modules\@prisma\client\runtime\library.js:121:6958)
    at $n.handleAndLogRequestError (D:\restaurant-management-system\backend\node_modules\@prisma\client\runtime\library.js:121:6623)
    at $n.request (D:\restaurant-management-system\backend\node_modules\@prisma\client\runtime\library.js:121:6307)
    at async Array.$allOperations (D:\restaurant-management-system\backend\src\lib\prisma.js:9:32)
    at async l (D:\restaurant-management-system\backend\node_modules\@prisma\client\runtime\library.js:130:9633)
    at async D:\restaurant-management-system\backend\src\routes\venues.js:212:36

[2026-04-06T19:48:29.218Z] 500 ERROR: POST /api/membership/upgrade-request
TypeError: Cannot read properties of undefined (reading 'map')
    at D:\restaurant-management-system\backend\src\middleware\validate.js:13:43
    at Layer.handleRequest (D:\restaurant-management-system\backend\node_modules\router\lib\layer.js:152:17)
    at next (D:\restaurant-management-system\backend\node_modules\router\lib\route.js:157:13)
    at authenticate (D:\restaurant-management-system\backend\src\middleware\auth.js:43:9)

[2026-04-06T19:48:34.940Z] 500 ERROR: POST /api/membership/upgrade-request
TypeError: Cannot read properties of undefined (reading 'map')
    at D:\restaurant-management-system\backend\src\middleware\validate.js:13:43
    at Layer.handleRequest (D:\restaurant-management-system\backend\node_modules\router\lib\layer.js:152:17)
    at next (D:\restaurant-management-system\backend\node_modules\router\lib\route.js:157:13)
    at authenticate (D:\restaurant-management-system\backend\src\middleware\auth.js:43:9)

[2026-04-06T20:01:53.367Z] 500 ERROR: GET /api/auth/me
PrismaClientValidationError: 
Invalid `prisma.member.findUnique()` invocation in
D:\restaurant-management-system\backend\src\routes\auth.js:196:42

  193 // Get current user profile
  194 router.get("/me", authenticate, async (req, res, next) => {
  195     try {
→ 196         const user = await prisma.member.findUnique({
                where: {
                  id: 10
                },
                select: {
                  id: true,
                  fullName: true,
                  email: true,
                  username: true,
                  phone: true,
                  address: true,
                  nic: true,
                  role: true,
                  loyaltyPoints: true,
                  status: true,
                  registrationDate: true,
                  notificationPreference: true,
                  emergencyContact: true,
                  emergencyPhone: true,
                  profileImageUrl: true,
                  ~~~~~~~~~~~~~~~
              ?   passwordHash?: true,
              ?   paymentSlipUrl?: true,
              ?   memberships?: true,
              ?   membershipPayments?: true,
              ?   venueBookings?: true,
              ?   bookingPayments?: true,
              ?   reservations?: true,
              ?   cart?: true,
              ?   orders?: true,
              ?   orderPayments?: true,
              ?   userNotifications?: true,
              ?   stockMovements?: true,
              ?   auditLogs?: true,
              ?   shifts?: true,
              ?   venueAssignments?: true,
              ?   membershipRequests?: true,
              ?   _count?: true
                }
              })

Unknown field `profileImageUrl` for select statement on model `Member`. Available options are marked with ?.
    at wn (D:\restaurant-management-system\backend\node_modules\@prisma\client\runtime\library.js:29:1363)
    at $n.handleRequestError (D:\restaurant-management-system\backend\node_modules\@prisma\client\runtime\library.js:121:6958)
    at $n.handleAndLogRequestError (D:\restaurant-management-system\backend\node_modules\@prisma\client\runtime\library.js:121:6623)
    at $n.request (D:\restaurant-management-system\backend\node_modules\@prisma\client\runtime\library.js:121:6307)
    at async Array.$allOperations (D:\restaurant-management-system\backend\src\lib\prisma.js:9:32)
    at async l (D:\restaurant-management-system\backend\node_modules\@prisma\client\runtime\library.js:130:9633)
    at async D:\restaurant-management-system\backend\src\routes\auth.js:196:22

[2026-04-06T20:02:53.216Z] 500 ERROR: GET /api/auth/me
PrismaClientValidationError: 
Invalid `prisma.member.findUnique()` invocation in
D:\restaurant-management-system\backend\src\routes\auth.js:196:42

  193 // Get current user profile
  194 router.get("/me", authenticate, async (req, res, next) => {
  195     try {
→ 196         const user = await prisma.member.findUnique({
                where: {
                  id: 10
                },
                select: {
                  id: true,
                  fullName: true,
                  email: true,
                  username: true,
                  phone: true,
                  address: true,
                  nic: true,
                  role: true,
                  loyaltyPoints: true,
                  status: true,
                  registrationDate: true,
                  notificationPreference: true,
                  emergencyContact: true,
                  emergencyPhone: true,
                  profileImageUrl: true,
                  ~~~~~~~~~~~~~~~
              ?   passwordHash?: true,
              ?   paymentSlipUrl?: true,
              ?   memberships?: true,
              ?   membershipPayments?: true,
              ?   venueBookings?: true,
              ?   bookingPayments?: true,
              ?   reservations?: true,
              ?   cart?: true,
              ?   orders?: true,
              ?   orderPayments?: true,
              ?   userNotifications?: true,
              ?   stockMovements?: true,
              ?   auditLogs?: true,
              ?   shifts?: true,
              ?   venueAssignments?: true,
              ?   membershipRequests?: true,
              ?   _count?: true
                }
              })

Unknown field `profileImageUrl` for select statement on model `Member`. Available options are marked with ?.
    at wn (D:\restaurant-management-system\backend\node_modules\@prisma\client\runtime\library.js:29:1363)
    at $n.handleRequestError (D:\restaurant-management-system\backend\node_modules\@prisma\client\runtime\library.js:121:6958)
    at $n.handleAndLogRequestError (D:\restaurant-management-system\backend\node_modules\@prisma\client\runtime\library.js:121:6623)
    at $n.request (D:\restaurant-management-system\backend\node_modules\@prisma\client\runtime\library.js:121:6307)
    at async Array.$allOperations (D:\restaurant-management-system\backend\src\lib\prisma.js:9:32)
    at async l (D:\restaurant-management-system\backend\node_modules\@prisma\client\runtime\library.js:130:9633)
    at async D:\restaurant-management-system\backend\src\routes\auth.js:196:22

[2026-04-06T20:03:53.230Z] 500 ERROR: GET /api/auth/me
PrismaClientValidationError: 
Invalid `prisma.member.findUnique()` invocation in
D:\restaurant-management-system\backend\src\routes\auth.js:196:42

  193 // Get current user profile
  194 router.get("/me", authenticate, async (req, res, next) => {
  195     try {
→ 196         const user = await prisma.member.findUnique({
                where: {
                  id: 10
                },
                select: {
                  id: true,
                  fullName: true,
                  email: true,
                  username: true,
                  phone: true,
                  address: true,
                  nic: true,
                  role: true,
                  loyaltyPoints: true,
                  status: true,
                  registrationDate: true,
                  notificationPreference: true,
                  emergencyContact: true,
                  emergencyPhone: true,
                  profileImageUrl: true,
                  ~~~~~~~~~~~~~~~
              ?   passwordHash?: true,
              ?   paymentSlipUrl?: true,
              ?   memberships?: true,
              ?   membershipPayments?: true,
              ?   venueBookings?: true,
              ?   bookingPayments?: true,
              ?   reservations?: true,
              ?   cart?: true,
              ?   orders?: true,
              ?   orderPayments?: true,
              ?   userNotifications?: true,
              ?   stockMovements?: true,
              ?   auditLogs?: true,
              ?   shifts?: true,
              ?   venueAssignments?: true,
              ?   membershipRequests?: true,
              ?   _count?: true
                }
              })

Unknown field `profileImageUrl` for select statement on model `Member`. Available options are marked with ?.
    at wn (D:\restaurant-management-system\backend\node_modules\@prisma\client\runtime\library.js:29:1363)
    at $n.handleRequestError (D:\restaurant-management-system\backend\node_modules\@prisma\client\runtime\library.js:121:6958)
    at $n.handleAndLogRequestError (D:\restaurant-management-system\backend\node_modules\@prisma\client\runtime\library.js:121:6623)
    at $n.request (D:\restaurant-management-system\backend\node_modules\@prisma\client\runtime\library.js:121:6307)
    at async Array.$allOperations (D:\restaurant-management-system\backend\src\lib\prisma.js:9:32)
    at async l (D:\restaurant-management-system\backend\node_modules\@prisma\client\runtime\library.js:130:9633)
    at async D:\restaurant-management-system\backend\src\routes\auth.js:196:22

[2026-04-06T20:04:53.297Z] 500 ERROR: GET /api/auth/me
PrismaClientValidationError: 
Invalid `prisma.member.findUnique()` invocation in
D:\restaurant-management-system\backend\src\routes\auth.js:196:42

  193 // Get current user profile
  194 router.get("/me", authenticate, async (req, res, next) => {
  195     try {
→ 196         const user = await prisma.member.findUnique({
                where: {
                  id: 10
                },
                select: {
                  id: true,
                  fullName: true,
                  email: true,
                  username: true,
                  phone: true,
                  address: true,
                  nic: true,
                  role: true,
                  loyaltyPoints: true,
                  status: true,
                  registrationDate: true,
                  notificationPreference: true,
                  emergencyContact: true,
                  emergencyPhone: true,
                  profileImageUrl: true,
                  ~~~~~~~~~~~~~~~
              ?   passwordHash?: true,
              ?   paymentSlipUrl?: true,
              ?   memberships?: true,
              ?   membershipPayments?: true,
              ?   venueBookings?: true,
              ?   bookingPayments?: true,
              ?   reservations?: true,
              ?   cart?: true,
              ?   orders?: true,
              ?   orderPayments?: true,
              ?   userNotifications?: true,
              ?   stockMovements?: true,
              ?   auditLogs?: true,
              ?   shifts?: true,
              ?   venueAssignments?: true,
              ?   membershipRequests?: true,
              ?   _count?: true
                }
              })

Unknown field `profileImageUrl` for select statement on model `Member`. Available options are marked with ?.
    at wn (D:\restaurant-management-system\backend\node_modules\@prisma\client\runtime\library.js:29:1363)
    at $n.handleRequestError (D:\restaurant-management-system\backend\node_modules\@prisma\client\runtime\library.js:121:6958)
    at $n.handleAndLogRequestError (D:\restaurant-management-system\backend\node_modules\@prisma\client\runtime\library.js:121:6623)
    at $n.request (D:\restaurant-management-system\backend\node_modules\@prisma\client\runtime\library.js:121:6307)
    at async Array.$allOperations (D:\restaurant-management-system\backend\src\lib\prisma.js:9:32)
    at async l (D:\restaurant-management-system\backend\node_modules\@prisma\client\runtime\library.js:130:9633)
    at async D:\restaurant-management-system\backend\src\routes\auth.js:196:22

[2026-04-06T20:05:14.614Z] 500 ERROR: GET /api/auth/me
PrismaClientValidationError: 
Invalid `prisma.member.findUnique()` invocation in
D:\restaurant-management-system\backend\src\routes\auth.js:196:42

  193 // Get current user profile
  194 router.get("/me", authenticate, async (req, res, next) => {
  195     try {
→ 196         const user = await prisma.member.findUnique({
                where: {
                  id: 10
                },
                select: {
                  id: true,
                  fullName: true,
                  email: true,
                  username: true,
                  phone: true,
                  address: true,
                  nic: true,
                  role: true,
                  loyaltyPoints: true,
                  status: true,
                  registrationDate: true,
                  notificationPreference: true,
                  emergencyContact: true,
                  emergencyPhone: true,
                  profileImageUrl: true,
                  ~~~~~~~~~~~~~~~
              ?   passwordHash?: true,
              ?   paymentSlipUrl?: true,
              ?   memberships?: true,
              ?   membershipPayments?: true,
              ?   venueBookings?: true,
              ?   bookingPayments?: true,
              ?   reservations?: true,
              ?   cart?: true,
              ?   orders?: true,
              ?   orderPayments?: true,
              ?   userNotifications?: true,
              ?   stockMovements?: true,
              ?   auditLogs?: true,
              ?   shifts?: true,
              ?   venueAssignments?: true,
              ?   membershipRequests?: true,
              ?   _count?: true
                }
              })

Unknown field `profileImageUrl` for select statement on model `Member`. Available options are marked with ?.
    at wn (D:\restaurant-management-system\backend\node_modules\@prisma\client\runtime\library.js:29:1363)
    at $n.handleRequestError (D:\restaurant-management-system\backend\node_modules\@prisma\client\runtime\library.js:121:6958)
    at $n.handleAndLogRequestError (D:\restaurant-management-system\backend\node_modules\@prisma\client\runtime\library.js:121:6623)
    at $n.request (D:\restaurant-management-system\backend\node_modules\@prisma\client\runtime\library.js:121:6307)
    at async Array.$allOperations (D:\restaurant-management-system\backend\src\lib\prisma.js:9:32)
    at async l (D:\restaurant-management-system\backend\node_modules\@prisma\client\runtime\library.js:130:9633)
    at async D:\restaurant-management-system\backend\src\routes\auth.js:196:22

[2026-04-06T20:05:16.428Z] 500 ERROR: GET /api/auth/me
PrismaClientValidationError: 
Invalid `prisma.member.findUnique()` invocation in
D:\restaurant-management-system\backend\src\routes\auth.js:196:42

  193 // Get current user profile
  194 router.get("/me", authenticate, async (req, res, next) => {
  195     try {
→ 196         const user = await prisma.member.findUnique({
                where: {
                  id: 10
                },
                select: {
                  id: true,
                  fullName: true,
                  email: true,
                  username: true,
                  phone: true,
                  address: true,
                  nic: true,
                  role: true,
                  loyaltyPoints: true,
                  status: true,
                  registrationDate: true,
                  notificationPreference: true,
                  emergencyContact: true,
                  emergencyPhone: true,
                  profileImageUrl: true,
                  ~~~~~~~~~~~~~~~
              ?   passwordHash?: true,
              ?   paymentSlipUrl?: true,
              ?   memberships?: true,
              ?   membershipPayments?: true,
              ?   venueBookings?: true,
              ?   bookingPayments?: true,
              ?   reservations?: true,
              ?   cart?: true,
              ?   orders?: true,
              ?   orderPayments?: true,
              ?   userNotifications?: true,
              ?   stockMovements?: true,
              ?   auditLogs?: true,
              ?   shifts?: true,
              ?   venueAssignments?: true,
              ?   membershipRequests?: true,
              ?   _count?: true
                }
              })

Unknown field `profileImageUrl` for select statement on model `Member`. Available options are marked with ?.
    at wn (D:\restaurant-management-system\backend\node_modules\@prisma\client\runtime\library.js:29:1363)
    at $n.handleRequestError (D:\restaurant-management-system\backend\node_modules\@prisma\client\runtime\library.js:121:6958)
    at $n.handleAndLogRequestError (D:\restaurant-management-system\backend\node_modules\@prisma\client\runtime\library.js:121:6623)
    at $n.request (D:\restaurant-management-system\backend\node_modules\@prisma\client\runtime\library.js:121:6307)
    at async Array.$allOperations (D:\restaurant-management-system\backend\src\lib\prisma.js:9:32)
    at async l (D:\restaurant-management-system\backend\node_modules\@prisma\client\runtime\library.js:130:9633)
    at async D:\restaurant-management-system\backend\src\routes\auth.js:196:22

[2026-04-06T20:05:31.091Z] 500 ERROR: POST /api/auth/me/picture
PrismaClientValidationError: 
Invalid `prisma.member.update()` invocation in
D:\restaurant-management-system\backend\src\routes\auth.js:294:29

  291 if (!req.file) throw new BadRequestError('No image uploaded');
  292 const profileImageUrl = `/uploads/${req.file.filename}`;
  293 
→ 294 await prisma.member.update({
        where: {
          id: 10
        },
        data: {
          profileImageUrl: "/uploads/1775505931026-141636733.jpg",
          ~~~~~~~~~~~~~~~
      ?   fullName?: String | StringFieldUpdateOperationsInput,
      ?   nic?: String | StringFieldUpdateOperationsInput,
      ?   address?: String | StringFieldUpdateOperationsInput,
      ?   phone?: String | StringFieldUpdateOperationsInput,
      ?   email?: String | StringFieldUpdateOperationsInput,
      ?   username?: String | StringFieldUpdateOperationsInput,
      ?   passwordHash?: String | StringFieldUpdateOperationsInput,
      ?   notificationPreference?: String | StringFieldUpdateOperationsInput,
      ?   status?: String | StringFieldUpdateOperationsInput,
      ?   registrationDate?: DateTime | DateTimeFieldUpdateOperationsInput,
      ?   role?: String | StringFieldUpdateOperationsInput,
      ?   emergencyContact?: String | NullableStringFieldUpdateOperationsInput | Null,
      ?   emergencyPhone?: String | NullableStringFieldUpdateOperationsInput | Null,
      ?   loyaltyPoints?: Int | IntFieldUpdateOperationsInput,
      ?   paymentSlipUrl?: String | NullableStringFieldUpdateOperationsInput | Null,
      ?   memberships?: UserUpdateManyWithoutMemberNestedInput,
      ?   membershipPayments?: MembershipPaymentUpdateManyWithoutMemberNestedInput,
      ?   venueBookings?: VenueBookingUpdateManyWithoutMemberNestedInput,
      ?   bookingPayments?: BookingPaymentUpdateManyWithoutMemberNestedInput,
      ?   reservations?: TableReservationUpdateManyWithoutMemberNestedInput,
      ?   cart?: CartUpdateOneWithoutMemberNestedInput,
      ?   orders?: OrderUpdateManyWithoutMemberNestedInput,
      ?   orderPayments?: OrderPaymentUpdateManyWithoutMemberNestedInput,
      ?   userNotifications?: UserNotificationUpdateManyWithoutMemberNestedInput,
      ?   stockMovements?: StockMovementUpdateManyWithoutMemberNestedInput,
      ?   auditLogs?: AuditLogUpdateManyWithoutMemberNestedInput,
      ?   shifts?: ShiftUpdateManyWithoutStaffNestedInput,
      ?   venueAssignments?: VenueAssignmentUpdateManyWithoutStaffNestedInput,
      ?   membershipRequests?: MembershipUpgradeRequestUpdateManyWithoutMemberNestedInput
        }
      })

Unknown argument `profileImageUrl`. Available options are marked with ?.
    at wn (D:\restaurant-management-system\backend\node_modules\@prisma\client\runtime\library.js:29:1363)
    at $n.handleRequestError (D:\restaurant-management-system\backend\node_modules\@prisma\client\runtime\library.js:121:6958)
    at $n.handleAndLogRequestError (D:\restaurant-management-system\backend\node_modules\@prisma\client\runtime\library.js:121:6623)
    at $n.request (D:\restaurant-management-system\backend\node_modules\@prisma\client\runtime\library.js:121:6307)
    at async Array.$allOperations (D:\restaurant-management-system\backend\src\lib\prisma.js:9:32)
    at async l (D:\restaurant-management-system\backend\node_modules\@prisma\client\runtime\library.js:130:9633)
    at async D:\restaurant-management-system\backend\src\routes\auth.js:294:9

[2026-04-06T20:05:34.304Z] 500 ERROR: POST /api/auth/me/picture
PrismaClientValidationError: 
Invalid `prisma.member.update()` invocation in
D:\restaurant-management-system\backend\src\routes\auth.js:294:29

  291 if (!req.file) throw new BadRequestError('No image uploaded');
  292 const profileImageUrl = `/uploads/${req.file.filename}`;
  293 
→ 294 await prisma.member.update({
        where: {
          id: 10
        },
        data: {
          profileImageUrl: "/uploads/1775505934276-10768259.jpg",
          ~~~~~~~~~~~~~~~
      ?   fullName?: String | StringFieldUpdateOperationsInput,
      ?   nic?: String | StringFieldUpdateOperationsInput,
      ?   address?: String | StringFieldUpdateOperationsInput,
      ?   phone?: String | StringFieldUpdateOperationsInput,
      ?   email?: String | StringFieldUpdateOperationsInput,
      ?   username?: String | StringFieldUpdateOperationsInput,
      ?   passwordHash?: String | StringFieldUpdateOperationsInput,
      ?   notificationPreference?: String | StringFieldUpdateOperationsInput,
      ?   status?: String | StringFieldUpdateOperationsInput,
      ?   registrationDate?: DateTime | DateTimeFieldUpdateOperationsInput,
      ?   role?: String | StringFieldUpdateOperationsInput,
      ?   emergencyContact?: String | NullableStringFieldUpdateOperationsInput | Null,
      ?   emergencyPhone?: String | NullableStringFieldUpdateOperationsInput | Null,
      ?   loyaltyPoints?: Int | IntFieldUpdateOperationsInput,
      ?   paymentSlipUrl?: String | NullableStringFieldUpdateOperationsInput | Null,
      ?   memberships?: UserUpdateManyWithoutMemberNestedInput,
      ?   membershipPayments?: MembershipPaymentUpdateManyWithoutMemberNestedInput,
      ?   venueBookings?: VenueBookingUpdateManyWithoutMemberNestedInput,
      ?   bookingPayments?: BookingPaymentUpdateManyWithoutMemberNestedInput,
      ?   reservations?: TableReservationUpdateManyWithoutMemberNestedInput,
      ?   cart?: CartUpdateOneWithoutMemberNestedInput,
      ?   orders?: OrderUpdateManyWithoutMemberNestedInput,
      ?   orderPayments?: OrderPaymentUpdateManyWithoutMemberNestedInput,
      ?   userNotifications?: UserNotificationUpdateManyWithoutMemberNestedInput,
      ?   stockMovements?: StockMovementUpdateManyWithoutMemberNestedInput,
      ?   auditLogs?: AuditLogUpdateManyWithoutMemberNestedInput,
      ?   shifts?: ShiftUpdateManyWithoutStaffNestedInput,
      ?   venueAssignments?: VenueAssignmentUpdateManyWithoutStaffNestedInput,
      ?   membershipRequests?: MembershipUpgradeRequestUpdateManyWithoutMemberNestedInput
        }
      })

Unknown argument `profileImageUrl`. Available options are marked with ?.
    at wn (D:\restaurant-management-system\backend\node_modules\@prisma\client\runtime\library.js:29:1363)
    at $n.handleRequestError (D:\restaurant-management-system\backend\node_modules\@prisma\client\runtime\library.js:121:6958)
    at $n.handleAndLogRequestError (D:\restaurant-management-system\backend\node_modules\@prisma\client\runtime\library.js:121:6623)
    at $n.request (D:\restaurant-management-system\backend\node_modules\@prisma\client\runtime\library.js:121:6307)
    at async Array.$allOperations (D:\restaurant-management-system\backend\src\lib\prisma.js:9:32)
    at async l (D:\restaurant-management-system\backend\node_modules\@prisma\client\runtime\library.js:130:9633)
    at async D:\restaurant-management-system\backend\src\routes\auth.js:294:9

[2026-04-06T20:05:47.231Z] 500 ERROR: POST /api/auth/me/picture
PrismaClientValidationError: 
Invalid `prisma.member.update()` invocation in
D:\restaurant-management-system\backend\src\routes\auth.js:294:29

  291 if (!req.file) throw new BadRequestError('No image uploaded');
  292 const profileImageUrl = `/uploads/${req.file.filename}`;
  293 
→ 294 await prisma.member.update({
        where: {
          id: 10
        },
        data: {
          profileImageUrl: "/uploads/1775505947197-132920744.png",
          ~~~~~~~~~~~~~~~
      ?   fullName?: String | StringFieldUpdateOperationsInput,
      ?   nic?: String | StringFieldUpdateOperationsInput,
      ?   address?: String | StringFieldUpdateOperationsInput,
      ?   phone?: String | StringFieldUpdateOperationsInput,
      ?   email?: String | StringFieldUpdateOperationsInput,
      ?   username?: String | StringFieldUpdateOperationsInput,
      ?   passwordHash?: String | StringFieldUpdateOperationsInput,
      ?   notificationPreference?: String | StringFieldUpdateOperationsInput,
      ?   status?: String | StringFieldUpdateOperationsInput,
      ?   registrationDate?: DateTime | DateTimeFieldUpdateOperationsInput,
      ?   role?: String | StringFieldUpdateOperationsInput,
      ?   emergencyContact?: String | NullableStringFieldUpdateOperationsInput | Null,
      ?   emergencyPhone?: String | NullableStringFieldUpdateOperationsInput | Null,
      ?   loyaltyPoints?: Int | IntFieldUpdateOperationsInput,
      ?   paymentSlipUrl?: String | NullableStringFieldUpdateOperationsInput | Null,
      ?   memberships?: UserUpdateManyWithoutMemberNestedInput,
      ?   membershipPayments?: MembershipPaymentUpdateManyWithoutMemberNestedInput,
      ?   venueBookings?: VenueBookingUpdateManyWithoutMemberNestedInput,
      ?   bookingPayments?: BookingPaymentUpdateManyWithoutMemberNestedInput,
      ?   reservations?: TableReservationUpdateManyWithoutMemberNestedInput,
      ?   cart?: CartUpdateOneWithoutMemberNestedInput,
      ?   orders?: OrderUpdateManyWithoutMemberNestedInput,
      ?   orderPayments?: OrderPaymentUpdateManyWithoutMemberNestedInput,
      ?   userNotifications?: UserNotificationUpdateManyWithoutMemberNestedInput,
      ?   stockMovements?: StockMovementUpdateManyWithoutMemberNestedInput,
      ?   auditLogs?: AuditLogUpdateManyWithoutMemberNestedInput,
      ?   shifts?: ShiftUpdateManyWithoutStaffNestedInput,
      ?   venueAssignments?: VenueAssignmentUpdateManyWithoutStaffNestedInput,
      ?   membershipRequests?: MembershipUpgradeRequestUpdateManyWithoutMemberNestedInput
        }
      })

Unknown argument `profileImageUrl`. Available options are marked with ?.
    at wn (D:\restaurant-management-system\backend\node_modules\@prisma\client\runtime\library.js:29:1363)
    at $n.handleRequestError (D:\restaurant-management-system\backend\node_modules\@prisma\client\runtime\library.js:121:6958)
    at $n.handleAndLogRequestError (D:\restaurant-management-system\backend\node_modules\@prisma\client\runtime\library.js:121:6623)
    at $n.request (D:\restaurant-management-system\backend\node_modules\@prisma\client\runtime\library.js:121:6307)
    at async Array.$allOperations (D:\restaurant-management-system\backend\src\lib\prisma.js:9:32)
    at async l (D:\restaurant-management-system\backend\node_modules\@prisma\client\runtime\library.js:130:9633)
    at async D:\restaurant-management-system\backend\src\routes\auth.js:294:9

[2026-04-06T20:06:16.182Z] 500 ERROR: POST /api/auth/me/picture
PrismaClientValidationError: 
Invalid `prisma.member.update()` invocation in
D:\restaurant-management-system\backend\src\routes\auth.js:294:29

  291 if (!req.file) throw new BadRequestError('No image uploaded');
  292 const profileImageUrl = `/uploads/${req.file.filename}`;
  293 
→ 294 await prisma.member.update({
        where: {
          id: 10
        },
        data: {
          profileImageUrl: "/uploads/1775505976107-429109371.png",
          ~~~~~~~~~~~~~~~
      ?   fullName?: String | StringFieldUpdateOperationsInput,
      ?   nic?: String | StringFieldUpdateOperationsInput,
      ?   address?: String | StringFieldUpdateOperationsInput,
      ?   phone?: String | StringFieldUpdateOperationsInput,
      ?   email?: String | StringFieldUpdateOperationsInput,
      ?   username?: String | StringFieldUpdateOperationsInput,
      ?   passwordHash?: String | StringFieldUpdateOperationsInput,
      ?   notificationPreference?: String | StringFieldUpdateOperationsInput,
      ?   status?: String | StringFieldUpdateOperationsInput,
      ?   registrationDate?: DateTime | DateTimeFieldUpdateOperationsInput,
      ?   role?: String | StringFieldUpdateOperationsInput,
      ?   emergencyContact?: String | NullableStringFieldUpdateOperationsInput | Null,
      ?   emergencyPhone?: String | NullableStringFieldUpdateOperationsInput | Null,
      ?   loyaltyPoints?: Int | IntFieldUpdateOperationsInput,
      ?   paymentSlipUrl?: String | NullableStringFieldUpdateOperationsInput | Null,
      ?   memberships?: UserUpdateManyWithoutMemberNestedInput,
      ?   membershipPayments?: MembershipPaymentUpdateManyWithoutMemberNestedInput,
      ?   venueBookings?: VenueBookingUpdateManyWithoutMemberNestedInput,
      ?   bookingPayments?: BookingPaymentUpdateManyWithoutMemberNestedInput,
      ?   reservations?: TableReservationUpdateManyWithoutMemberNestedInput,
      ?   cart?: CartUpdateOneWithoutMemberNestedInput,
      ?   orders?: OrderUpdateManyWithoutMemberNestedInput,
      ?   orderPayments?: OrderPaymentUpdateManyWithoutMemberNestedInput,
      ?   userNotifications?: UserNotificationUpdateManyWithoutMemberNestedInput,
      ?   stockMovements?: StockMovementUpdateManyWithoutMemberNestedInput,
      ?   auditLogs?: AuditLogUpdateManyWithoutMemberNestedInput,
      ?   shifts?: ShiftUpdateManyWithoutStaffNestedInput,
      ?   venueAssignments?: VenueAssignmentUpdateManyWithoutStaffNestedInput,
      ?   membershipRequests?: MembershipUpgradeRequestUpdateManyWithoutMemberNestedInput
        }
      })

Unknown argument `profileImageUrl`. Available options are marked with ?.
    at wn (D:\restaurant-management-system\backend\node_modules\@prisma\client\runtime\library.js:29:1363)
    at $n.handleRequestError (D:\restaurant-management-system\backend\node_modules\@prisma\client\runtime\library.js:121:6958)
    at $n.handleAndLogRequestError (D:\restaurant-management-system\backend\node_modules\@prisma\client\runtime\library.js:121:6623)
    at $n.request (D:\restaurant-management-system\backend\node_modules\@prisma\client\runtime\library.js:121:6307)
    at async Array.$allOperations (D:\restaurant-management-system\backend\src\lib\prisma.js:9:32)
    at async l (D:\restaurant-management-system\backend\node_modules\@prisma\client\runtime\library.js:130:9633)
    at async D:\restaurant-management-system\backend\src\routes\auth.js:294:9

[2026-04-06T20:06:17.428Z] 500 ERROR: POST /api/auth/me/picture
PrismaClientValidationError: 
Invalid `prisma.member.update()` invocation in
D:\restaurant-management-system\backend\src\routes\auth.js:294:29

  291 if (!req.file) throw new BadRequestError('No image uploaded');
  292 const profileImageUrl = `/uploads/${req.file.filename}`;
  293 
→ 294 await prisma.member.update({
        where: {
          id: 10
        },
        data: {
          profileImageUrl: "/uploads/1775505977363-249964289.png",
          ~~~~~~~~~~~~~~~
      ?   fullName?: String | StringFieldUpdateOperationsInput,
      ?   nic?: String | StringFieldUpdateOperationsInput,
      ?   address?: String | StringFieldUpdateOperationsInput,
      ?   phone?: String | StringFieldUpdateOperationsInput,
      ?   email?: String | StringFieldUpdateOperationsInput,
      ?   username?: String | StringFieldUpdateOperationsInput,
      ?   passwordHash?: String | StringFieldUpdateOperationsInput,
      ?   notificationPreference?: String | StringFieldUpdateOperationsInput,
      ?   status?: String | StringFieldUpdateOperationsInput,
      ?   registrationDate?: DateTime | DateTimeFieldUpdateOperationsInput,
      ?   role?: String | StringFieldUpdateOperationsInput,
      ?   emergencyContact?: String | NullableStringFieldUpdateOperationsInput | Null,
      ?   emergencyPhone?: String | NullableStringFieldUpdateOperationsInput | Null,
      ?   loyaltyPoints?: Int | IntFieldUpdateOperationsInput,
      ?   paymentSlipUrl?: String | NullableStringFieldUpdateOperationsInput | Null,
      ?   memberships?: UserUpdateManyWithoutMemberNestedInput,
      ?   membershipPayments?: MembershipPaymentUpdateManyWithoutMemberNestedInput,
      ?   venueBookings?: VenueBookingUpdateManyWithoutMemberNestedInput,
      ?   bookingPayments?: BookingPaymentUpdateManyWithoutMemberNestedInput,
      ?   reservations?: TableReservationUpdateManyWithoutMemberNestedInput,
      ?   cart?: CartUpdateOneWithoutMemberNestedInput,
      ?   orders?: OrderUpdateManyWithoutMemberNestedInput,
      ?   orderPayments?: OrderPaymentUpdateManyWithoutMemberNestedInput,
      ?   userNotifications?: UserNotificationUpdateManyWithoutMemberNestedInput,
      ?   stockMovements?: StockMovementUpdateManyWithoutMemberNestedInput,
      ?   auditLogs?: AuditLogUpdateManyWithoutMemberNestedInput,
      ?   shifts?: ShiftUpdateManyWithoutStaffNestedInput,
      ?   venueAssignments?: VenueAssignmentUpdateManyWithoutStaffNestedInput,
      ?   membershipRequests?: MembershipUpgradeRequestUpdateManyWithoutMemberNestedInput
        }
      })

Unknown argument `profileImageUrl`. Available options are marked with ?.
    at wn (D:\restaurant-management-system\backend\node_modules\@prisma\client\runtime\library.js:29:1363)
    at $n.handleRequestError (D:\restaurant-management-system\backend\node_modules\@prisma\client\runtime\library.js:121:6958)
    at $n.handleAndLogRequestError (D:\restaurant-management-system\backend\node_modules\@prisma\client\runtime\library.js:121:6623)
    at $n.request (D:\restaurant-management-system\backend\node_modules\@prisma\client\runtime\library.js:121:6307)
    at async Array.$allOperations (D:\restaurant-management-system\backend\src\lib\prisma.js:9:32)
    at async l (D:\restaurant-management-system\backend\node_modules\@prisma\client\runtime\library.js:130:9633)
    at async D:\restaurant-management-system\backend\src\routes\auth.js:294:9

[2026-04-06T20:06:33.880Z] 500 ERROR: GET /api/auth/me
PrismaClientValidationError: 
Invalid `prisma.member.findUnique()` invocation in
D:\restaurant-management-system\backend\src\routes\auth.js:196:42

  193 // Get current user profile
  194 router.get("/me", authenticate, async (req, res, next) => {
  195     try {
→ 196         const user = await prisma.member.findUnique({
                where: {
                  id: 10
                },
                select: {
                  id: true,
                  fullName: true,
                  email: true,
                  username: true,
                  phone: true,
                  address: true,
                  nic: true,
                  role: true,
                  loyaltyPoints: true,
                  status: true,
                  registrationDate: true,
                  notificationPreference: true,
                  emergencyContact: true,
                  emergencyPhone: true,
                  profileImageUrl: true,
                  ~~~~~~~~~~~~~~~
              ?   passwordHash?: true,
              ?   paymentSlipUrl?: true,
              ?   memberships?: true,
              ?   membershipPayments?: true,
              ?   venueBookings?: true,
              ?   bookingPayments?: true,
              ?   reservations?: true,
              ?   cart?: true,
              ?   orders?: true,
              ?   orderPayments?: true,
              ?   userNotifications?: true,
              ?   stockMovements?: true,
              ?   auditLogs?: true,
              ?   shifts?: true,
              ?   venueAssignments?: true,
              ?   membershipRequests?: true,
              ?   _count?: true
                }
              })

Unknown field `profileImageUrl` for select statement on model `Member`. Available options are marked with ?.
    at wn (D:\restaurant-management-system\backend\node_modules\@prisma\client\runtime\library.js:29:1363)
    at $n.handleRequestError (D:\restaurant-management-system\backend\node_modules\@prisma\client\runtime\library.js:121:6958)
    at $n.handleAndLogRequestError (D:\restaurant-management-system\backend\node_modules\@prisma\client\runtime\library.js:121:6623)
    at $n.request (D:\restaurant-management-system\backend\node_modules\@prisma\client\runtime\library.js:121:6307)
    at async Array.$allOperations (D:\restaurant-management-system\backend\src\lib\prisma.js:9:32)
    at async l (D:\restaurant-management-system\backend\node_modules\@prisma\client\runtime\library.js:130:9633)
    at async D:\restaurant-management-system\backend\src\routes\auth.js:196:22

[2026-04-06T20:07:37.110Z] 500 ERROR: GET /api/auth/me
PrismaClientValidationError: 
Invalid `prisma.member.findUnique()` invocation in
D:\restaurant-management-system\backend\src\routes\auth.js:196:42

  193 // Get current user profile
  194 router.get("/me", authenticate, async (req, res, next) => {
  195     try {
→ 196         const user = await prisma.member.findUnique({
                where: {
                  id: 10
                },
                select: {
                  id: true,
                  fullName: true,
                  email: true,
                  username: true,
                  phone: true,
                  address: true,
                  nic: true,
                  role: true,
                  loyaltyPoints: true,
                  status: true,
                  registrationDate: true,
                  notificationPreference: true,
                  emergencyContact: true,
                  emergencyPhone: true,
                  profileImageUrl: true,
                  ~~~~~~~~~~~~~~~
              ?   passwordHash?: true,
              ?   paymentSlipUrl?: true,
              ?   memberships?: true,
              ?   membershipPayments?: true,
              ?   venueBookings?: true,
              ?   bookingPayments?: true,
              ?   reservations?: true,
              ?   cart?: true,
              ?   orders?: true,
              ?   orderPayments?: true,
              ?   userNotifications?: true,
              ?   stockMovements?: true,
              ?   auditLogs?: true,
              ?   shifts?: true,
              ?   venueAssignments?: true,
              ?   membershipRequests?: true,
              ?   _count?: true
                }
              })

Unknown field `profileImageUrl` for select statement on model `Member`. Available options are marked with ?.
    at wn (D:\restaurant-management-system\backend\node_modules\@prisma\client\runtime\library.js:29:1363)
    at $n.handleRequestError (D:\restaurant-management-system\backend\node_modules\@prisma\client\runtime\library.js:121:6958)
    at $n.handleAndLogRequestError (D:\restaurant-management-system\backend\node_modules\@prisma\client\runtime\library.js:121:6623)
    at $n.request (D:\restaurant-management-system\backend\node_modules\@prisma\client\runtime\library.js:121:6307)
    at async Array.$allOperations (D:\restaurant-management-system\backend\src\lib\prisma.js:9:32)
    at async l (D:\restaurant-management-system\backend\node_modules\@prisma\client\runtime\library.js:130:9633)
    at async D:\restaurant-management-system\backend\src\routes\auth.js:196:22

[2026-04-06T20:08:11.278Z] 500 ERROR: GET /api/auth/me
PrismaClientValidationError: 
Invalid `prisma.member.findUnique()` invocation in
D:\restaurant-management-system\backend\src\routes\auth.js:196:42

  193 // Get current user profile
  194 router.get("/me", authenticate, async (req, res, next) => {
  195     try {
→ 196         const user = await prisma.member.findUnique({
                where: {
                  id: 10
                },
                select: {
                  id: true,
                  fullName: true,
                  email: true,
                  username: true,
                  phone: true,
                  address: true,
                  nic: true,
                  role: true,
                  loyaltyPoints: true,
                  status: true,
                  registrationDate: true,
                  notificationPreference: true,
                  emergencyContact: true,
                  emergencyPhone: true,
                  profileImageUrl: true,
                  ~~~~~~~~~~~~~~~
              ?   passwordHash?: true,
              ?   paymentSlipUrl?: true,
              ?   memberships?: true,
              ?   membershipPayments?: true,
              ?   venueBookings?: true,
              ?   bookingPayments?: true,
              ?   reservations?: true,
              ?   cart?: true,
              ?   orders?: true,
              ?   orderPayments?: true,
              ?   userNotifications?: true,
              ?   stockMovements?: true,
              ?   auditLogs?: true,
              ?   shifts?: true,
              ?   venueAssignments?: true,
              ?   membershipRequests?: true,
              ?   _count?: true
                }
              })

Unknown field `profileImageUrl` for select statement on model `Member`. Available options are marked with ?.
    at wn (D:\restaurant-management-system\backend\node_modules\@prisma\client\runtime\library.js:29:1363)
    at $n.handleRequestError (D:\restaurant-management-system\backend\node_modules\@prisma\client\runtime\library.js:121:6958)
    at $n.handleAndLogRequestError (D:\restaurant-management-system\backend\node_modules\@prisma\client\runtime\library.js:121:6623)
    at $n.request (D:\restaurant-management-system\backend\node_modules\@prisma\client\runtime\library.js:121:6307)
    at async Array.$allOperations (D:\restaurant-management-system\backend\src\lib\prisma.js:9:32)
    at async l (D:\restaurant-management-system\backend\node_modules\@prisma\client\runtime\library.js:130:9633)
    at async D:\restaurant-management-system\backend\src\routes\auth.js:196:22

[2026-04-06T20:08:48.038Z] 500 ERROR: GET /api/auth/me
PrismaClientValidationError: 
Invalid `prisma.member.findUnique()` invocation in
D:\restaurant-management-system\backend\src\routes\auth.js:196:42

  193 // Get current user profile
  194 router.get("/me", authenticate, async (req, res, next) => {
  195     try {
→ 196         const user = await prisma.member.findUnique({
                where: {
                  id: 10
                },
                select: {
                  id: true,
                  fullName: true,
                  email: true,
                  username: true,
                  phone: true,
                  address: true,
                  nic: true,
                  role: true,
                  loyaltyPoints: true,
                  status: true,
                  registrationDate: true,
                  notificationPreference: true,
                  emergencyContact: true,
                  emergencyPhone: true,
                  profileImageUrl: true,
                  ~~~~~~~~~~~~~~~
              ?   passwordHash?: true,
              ?   paymentSlipUrl?: true,
              ?   memberships?: true,
              ?   membershipPayments?: true,
              ?   venueBookings?: true,
              ?   bookingPayments?: true,
              ?   reservations?: true,
              ?   cart?: true,
              ?   orders?: true,
              ?   orderPayments?: true,
              ?   userNotifications?: true,
              ?   stockMovements?: true,
              ?   auditLogs?: true,
              ?   shifts?: true,
              ?   venueAssignments?: true,
              ?   membershipRequests?: true,
              ?   _count?: true
                }
              })

Unknown field `profileImageUrl` for select statement on model `Member`. Available options are marked with ?.
    at wn (D:\restaurant-management-system\backend\node_modules\@prisma\client\runtime\library.js:29:1363)
    at $n.handleRequestError (D:\restaurant-management-system\backend\node_modules\@prisma\client\runtime\library.js:121:6958)
    at $n.handleAndLogRequestError (D:\restaurant-management-system\backend\node_modules\@prisma\client\runtime\library.js:121:6623)
    at $n.request (D:\restaurant-management-system\backend\node_modules\@prisma\client\runtime\library.js:121:6307)
    at async Array.$allOperations (D:\restaurant-management-system\backend\src\lib\prisma.js:9:32)
    at async l (D:\restaurant-management-system\backend\node_modules\@prisma\client\runtime\library.js:130:9633)
    at async D:\restaurant-management-system\backend\src\routes\auth.js:196:22

[2026-04-06T20:09:18.185Z] 500 ERROR: GET /api/auth/me
PrismaClientValidationError: 
Invalid `prisma.member.findUnique()` invocation in
D:\restaurant-management-system\backend\src\routes\auth.js:196:42

  193 // Get current user profile
  194 router.get("/me", authenticate, async (req, res, next) => {
  195     try {
→ 196         const user = await prisma.member.findUnique({
                where: {
                  id: 10
                },
                select: {
                  id: true,
                  fullName: true,
                  email: true,
                  username: true,
                  phone: true,
                  address: true,
                  nic: true,
                  role: true,
                  loyaltyPoints: true,
                  status: true,
                  registrationDate: true,
                  notificationPreference: true,
                  emergencyContact: true,
                  emergencyPhone: true,
                  profileImageUrl: true,
                  ~~~~~~~~~~~~~~~
              ?   passwordHash?: true,
              ?   paymentSlipUrl?: true,
              ?   memberships?: true,
              ?   membershipPayments?: true,
              ?   venueBookings?: true,
              ?   bookingPayments?: true,
              ?   reservations?: true,
              ?   cart?: true,
              ?   orders?: true,
              ?   orderPayments?: true,
              ?   userNotifications?: true,
              ?   stockMovements?: true,
              ?   auditLogs?: true,
              ?   shifts?: true,
              ?   venueAssignments?: true,
              ?   membershipRequests?: true,
              ?   _count?: true
                }
              })

Unknown field `profileImageUrl` for select statement on model `Member`. Available options are marked with ?.
    at wn (D:\restaurant-management-system\backend\node_modules\@prisma\client\runtime\library.js:29:1363)
    at $n.handleRequestError (D:\restaurant-management-system\backend\node_modules\@prisma\client\runtime\library.js:121:6958)
    at $n.handleAndLogRequestError (D:\restaurant-management-system\backend\node_modules\@prisma\client\runtime\library.js:121:6623)
    at $n.request (D:\restaurant-management-system\backend\node_modules\@prisma\client\runtime\library.js:121:6307)
    at async Array.$allOperations (D:\restaurant-management-system\backend\src\lib\prisma.js:9:32)
    at async l (D:\restaurant-management-system\backend\node_modules\@prisma\client\runtime\library.js:130:9633)
    at async D:\restaurant-management-system\backend\src\routes\auth.js:196:22

[2026-04-06T20:09:48.170Z] 500 ERROR: GET /api/auth/me
PrismaClientValidationError: 
Invalid `prisma.member.findUnique()` invocation in
D:\restaurant-management-system\backend\src\routes\auth.js:196:42

  193 // Get current user profile
  194 router.get("/me", authenticate, async (req, res, next) => {
  195     try {
→ 196         const user = await prisma.member.findUnique({
                where: {
                  id: 10
                },
                select: {
                  id: true,
                  fullName: true,
                  email: true,
                  username: true,
                  phone: true,
                  address: true,
                  nic: true,
                  role: true,
                  loyaltyPoints: true,
                  status: true,
                  registrationDate: true,
                  notificationPreference: true,
                  emergencyContact: true,
                  emergencyPhone: true,
                  profileImageUrl: true,
                  ~~~~~~~~~~~~~~~
              ?   passwordHash?: true,
              ?   paymentSlipUrl?: true,
              ?   memberships?: true,
              ?   membershipPayments?: true,
              ?   venueBookings?: true,
              ?   bookingPayments?: true,
              ?   reservations?: true,
              ?   cart?: true,
              ?   orders?: true,
              ?   orderPayments?: true,
              ?   userNotifications?: true,
              ?   stockMovements?: true,
              ?   auditLogs?: true,
              ?   shifts?: true,
              ?   venueAssignments?: true,
              ?   membershipRequests?: true,
              ?   _count?: true
                }
              })

Unknown field `profileImageUrl` for select statement on model `Member`. Available options are marked with ?.
    at wn (D:\restaurant-management-system\backend\node_modules\@prisma\client\runtime\library.js:29:1363)
    at $n.handleRequestError (D:\restaurant-management-system\backend\node_modules\@prisma\client\runtime\library.js:121:6958)
    at $n.handleAndLogRequestError (D:\restaurant-management-system\backend\node_modules\@prisma\client\runtime\library.js:121:6623)
    at $n.request (D:\restaurant-management-system\backend\node_modules\@prisma\client\runtime\library.js:121:6307)
    at async Array.$allOperations (D:\restaurant-management-system\backend\src\lib\prisma.js:9:32)
    at async l (D:\restaurant-management-system\backend\node_modules\@prisma\client\runtime\library.js:130:9633)
    at async D:\restaurant-management-system\backend\src\routes\auth.js:196:22

[2026-04-06T20:10:18.177Z] 500 ERROR: GET /api/auth/me
PrismaClientValidationError: 
Invalid `prisma.member.findUnique()` invocation in
D:\restaurant-management-system\backend\src\routes\auth.js:196:42

  193 // Get current user profile
  194 router.get("/me", authenticate, async (req, res, next) => {
  195     try {
→ 196         const user = await prisma.member.findUnique({
                where: {
                  id: 10
                },
                select: {
                  id: true,
                  fullName: true,
                  email: true,
                  username: true,
                  phone: true,
                  address: true,
                  nic: true,
                  role: true,
                  loyaltyPoints: true,
                  status: true,
                  registrationDate: true,
                  notificationPreference: true,
                  emergencyContact: true,
                  emergencyPhone: true,
                  profileImageUrl: true,
                  ~~~~~~~~~~~~~~~
              ?   passwordHash?: true,
              ?   paymentSlipUrl?: true,
              ?   memberships?: true,
              ?   membershipPayments?: true,
              ?   venueBookings?: true,
              ?   bookingPayments?: true,
              ?   reservations?: true,
              ?   cart?: true,
              ?   orders?: true,
              ?   orderPayments?: true,
              ?   userNotifications?: true,
              ?   stockMovements?: true,
              ?   auditLogs?: true,
              ?   shifts?: true,
              ?   venueAssignments?: true,
              ?   membershipRequests?: true,
              ?   _count?: true
                }
              })

Unknown field `profileImageUrl` for select statement on model `Member`. Available options are marked with ?.
    at wn (D:\restaurant-management-system\backend\node_modules\@prisma\client\runtime\library.js:29:1363)
    at $n.handleRequestError (D:\restaurant-management-system\backend\node_modules\@prisma\client\runtime\library.js:121:6958)
    at $n.handleAndLogRequestError (D:\restaurant-management-system\backend\node_modules\@prisma\client\runtime\library.js:121:6623)
    at $n.request (D:\restaurant-management-system\backend\node_modules\@prisma\client\runtime\library.js:121:6307)
    at async Array.$allOperations (D:\restaurant-management-system\backend\src\lib\prisma.js:9:32)
    at async l (D:\restaurant-management-system\backend\node_modules\@prisma\client\runtime\library.js:130:9633)
    at async D:\restaurant-management-system\backend\src\routes\auth.js:196:22

[2026-04-06T20:10:48.171Z] 500 ERROR: GET /api/auth/me
PrismaClientValidationError: 
Invalid `prisma.member.findUnique()` invocation in
D:\restaurant-management-system\backend\src\routes\auth.js:196:42

  193 // Get current user profile
  194 router.get("/me", authenticate, async (req, res, next) => {
  195     try {
→ 196         const user = await prisma.member.findUnique({
                where: {
                  id: 10
                },
                select: {
                  id: true,
                  fullName: true,
                  email: true,
                  username: true,
                  phone: true,
                  address: true,
                  nic: true,
                  role: true,
                  loyaltyPoints: true,
                  status: true,
                  registrationDate: true,
                  notificationPreference: true,
                  emergencyContact: true,
                  emergencyPhone: true,
                  profileImageUrl: true,
                  ~~~~~~~~~~~~~~~
              ?   passwordHash?: true,
              ?   paymentSlipUrl?: true,
              ?   memberships?: true,
              ?   membershipPayments?: true,
              ?   venueBookings?: true,
              ?   bookingPayments?: true,
              ?   reservations?: true,
              ?   cart?: true,
              ?   orders?: true,
              ?   orderPayments?: true,
              ?   userNotifications?: true,
              ?   stockMovements?: true,
              ?   auditLogs?: true,
              ?   shifts?: true,
              ?   venueAssignments?: true,
              ?   membershipRequests?: true,
              ?   _count?: true
                }
              })

Unknown field `profileImageUrl` for select statement on model `Member`. Available options are marked with ?.
    at wn (D:\restaurant-management-system\backend\node_modules\@prisma\client\runtime\library.js:29:1363)
    at $n.handleRequestError (D:\restaurant-management-system\backend\node_modules\@prisma\client\runtime\library.js:121:6958)
    at $n.handleAndLogRequestError (D:\restaurant-management-system\backend\node_modules\@prisma\client\runtime\library.js:121:6623)
    at $n.request (D:\restaurant-management-system\backend\node_modules\@prisma\client\runtime\library.js:121:6307)
    at async Array.$allOperations (D:\restaurant-management-system\backend\src\lib\prisma.js:9:32)
    at async l (D:\restaurant-management-system\backend\node_modules\@prisma\client\runtime\library.js:130:9633)
    at async D:\restaurant-management-system\backend\src\routes\auth.js:196:22

[2026-04-06T20:11:18.169Z] 500 ERROR: GET /api/auth/me
PrismaClientValidationError: 
Invalid `prisma.member.findUnique()` invocation in
D:\restaurant-management-system\backend\src\routes\auth.js:196:42

  193 // Get current user profile
  194 router.get("/me", authenticate, async (req, res, next) => {
  195     try {
→ 196         const user = await prisma.member.findUnique({
                where: {
                  id: 10
                },
                select: {
                  id: true,
                  fullName: true,
                  email: true,
                  username: true,
                  phone: true,
                  address: true,
                  nic: true,
                  role: true,
                  loyaltyPoints: true,
                  status: true,
                  registrationDate: true,
                  notificationPreference: true,
                  emergencyContact: true,
                  emergencyPhone: true,
                  profileImageUrl: true,
                  ~~~~~~~~~~~~~~~
              ?   passwordHash?: true,
              ?   paymentSlipUrl?: true,
              ?   memberships?: true,
              ?   membershipPayments?: true,
              ?   venueBookings?: true,
              ?   bookingPayments?: true,
              ?   reservations?: true,
              ?   cart?: true,
              ?   orders?: true,
              ?   orderPayments?: true,
              ?   userNotifications?: true,
              ?   stockMovements?: true,
              ?   auditLogs?: true,
              ?   shifts?: true,
              ?   venueAssignments?: true,
              ?   membershipRequests?: true,
              ?   _count?: true
                }
              })

Unknown field `profileImageUrl` for select statement on model `Member`. Available options are marked with ?.
    at wn (D:\restaurant-management-system\backend\node_modules\@prisma\client\runtime\library.js:29:1363)
    at $n.handleRequestError (D:\restaurant-management-system\backend\node_modules\@prisma\client\runtime\library.js:121:6958)
    at $n.handleAndLogRequestError (D:\restaurant-management-system\backend\node_modules\@prisma\client\runtime\library.js:121:6623)
    at $n.request (D:\restaurant-management-system\backend\node_modules\@prisma\client\runtime\library.js:121:6307)
    at async Array.$allOperations (D:\restaurant-management-system\backend\src\lib\prisma.js:9:32)
    at async l (D:\restaurant-management-system\backend\node_modules\@prisma\client\runtime\library.js:130:9633)
    at async D:\restaurant-management-system\backend\src\routes\auth.js:196:22

[2026-04-06T20:11:48.172Z] 500 ERROR: GET /api/auth/me
PrismaClientValidationError: 
Invalid `prisma.member.findUnique()` invocation in
D:\restaurant-management-system\backend\src\routes\auth.js:196:42

  193 // Get current user profile
  194 router.get("/me", authenticate, async (req, res, next) => {
  195     try {
→ 196         const user = await prisma.member.findUnique({
                where: {
                  id: 10
                },
                select: {
                  id: true,
                  fullName: true,
                  email: true,
                  username: true,
                  phone: true,
                  address: true,
                  nic: true,
                  role: true,
                  loyaltyPoints: true,
                  status: true,
                  registrationDate: true,
                  notificationPreference: true,
                  emergencyContact: true,
                  emergencyPhone: true,
                  profileImageUrl: true,
                  ~~~~~~~~~~~~~~~
              ?   passwordHash?: true,
              ?   paymentSlipUrl?: true,
              ?   memberships?: true,
              ?   membershipPayments?: true,
              ?   venueBookings?: true,
              ?   bookingPayments?: true,
              ?   reservations?: true,
              ?   cart?: true,
              ?   orders?: true,
              ?   orderPayments?: true,
              ?   userNotifications?: true,
              ?   stockMovements?: true,
              ?   auditLogs?: true,
              ?   shifts?: true,
              ?   venueAssignments?: true,
              ?   membershipRequests?: true,
              ?   _count?: true
                }
              })

Unknown field `profileImageUrl` for select statement on model `Member`. Available options are marked with ?.
    at wn (D:\restaurant-management-system\backend\node_modules\@prisma\client\runtime\library.js:29:1363)
    at $n.handleRequestError (D:\restaurant-management-system\backend\node_modules\@prisma\client\runtime\library.js:121:6958)
    at $n.handleAndLogRequestError (D:\restaurant-management-system\backend\node_modules\@prisma\client\runtime\library.js:121:6623)
    at $n.request (D:\restaurant-management-system\backend\node_modules\@prisma\client\runtime\library.js:121:6307)
    at async Array.$allOperations (D:\restaurant-management-system\backend\src\lib\prisma.js:9:32)
    at async l (D:\restaurant-management-system\backend\node_modules\@prisma\client\runtime\library.js:130:9633)
    at async D:\restaurant-management-system\backend\src\routes\auth.js:196:22

[2026-04-06T20:12:29.265Z] 500 ERROR: GET /api/auth/me
PrismaClientValidationError: 
Invalid `prisma.member.findUnique()` invocation in
D:\restaurant-management-system\backend\src\routes\auth.js:196:42

  193 // Get current user profile
  194 router.get("/me", authenticate, async (req, res, next) => {
  195     try {
→ 196         const user = await prisma.member.findUnique({
                where: {
                  id: 10
                },
                select: {
                  id: true,
                  fullName: true,
                  email: true,
                  username: true,
                  phone: true,
                  address: true,
                  nic: true,
                  role: true,
                  loyaltyPoints: true,
                  status: true,
                  registrationDate: true,
                  notificationPreference: true,
                  emergencyContact: true,
                  emergencyPhone: true,
                  profileImageUrl: true,
                  ~~~~~~~~~~~~~~~
              ?   passwordHash?: true,
              ?   paymentSlipUrl?: true,
              ?   memberships?: true,
              ?   membershipPayments?: true,
              ?   venueBookings?: true,
              ?   bookingPayments?: true,
              ?   reservations?: true,
              ?   cart?: true,
              ?   orders?: true,
              ?   orderPayments?: true,
              ?   userNotifications?: true,
              ?   stockMovements?: true,
              ?   auditLogs?: true,
              ?   shifts?: true,
              ?   venueAssignments?: true,
              ?   membershipRequests?: true,
              ?   _count?: true
                }
              })

Unknown field `profileImageUrl` for select statement on model `Member`. Available options are marked with ?.
    at wn (D:\restaurant-management-system\backend\node_modules\@prisma\client\runtime\library.js:29:1363)
    at $n.handleRequestError (D:\restaurant-management-system\backend\node_modules\@prisma\client\runtime\library.js:121:6958)
    at $n.handleAndLogRequestError (D:\restaurant-management-system\backend\node_modules\@prisma\client\runtime\library.js:121:6623)
    at $n.request (D:\restaurant-management-system\backend\node_modules\@prisma\client\runtime\library.js:121:6307)
    at async Array.$allOperations (D:\restaurant-management-system\backend\src\lib\prisma.js:9:32)
    at async l (D:\restaurant-management-system\backend\node_modules\@prisma\client\runtime\library.js:130:9633)
    at async D:\restaurant-management-system\backend\src\routes\auth.js:196:22

[2026-04-06T20:12:53.283Z] 500 ERROR: GET /api/auth/me
PrismaClientValidationError: 
Invalid `prisma.member.findUnique()` invocation in
D:\restaurant-management-system\backend\src\routes\auth.js:196:42

  193 // Get current user profile
  194 router.get("/me", authenticate, async (req, res, next) => {
  195     try {
→ 196         const user = await prisma.member.findUnique({
                where: {
                  id: 10
                },
                select: {
                  id: true,
                  fullName: true,
                  email: true,
                  username: true,
                  phone: true,
                  address: true,
                  nic: true,
                  role: true,
                  loyaltyPoints: true,
                  status: true,
                  registrationDate: true,
                  notificationPreference: true,
                  emergencyContact: true,
                  emergencyPhone: true,
                  profileImageUrl: true,
                  ~~~~~~~~~~~~~~~
              ?   passwordHash?: true,
              ?   paymentSlipUrl?: true,
              ?   memberships?: true,
              ?   membershipPayments?: true,
              ?   venueBookings?: true,
              ?   bookingPayments?: true,
              ?   reservations?: true,
              ?   cart?: true,
              ?   orders?: true,
              ?   orderPayments?: true,
              ?   userNotifications?: true,
              ?   stockMovements?: true,
              ?   auditLogs?: true,
              ?   shifts?: true,
              ?   venueAssignments?: true,
              ?   membershipRequests?: true,
              ?   _count?: true
                }
              })

Unknown field `profileImageUrl` for select statement on model `Member`. Available options are marked with ?.
    at wn (D:\restaurant-management-system\backend\node_modules\@prisma\client\runtime\library.js:29:1363)
    at $n.handleRequestError (D:\restaurant-management-system\backend\node_modules\@prisma\client\runtime\library.js:121:6958)
    at $n.handleAndLogRequestError (D:\restaurant-management-system\backend\node_modules\@prisma\client\runtime\library.js:121:6623)
    at $n.request (D:\restaurant-management-system\backend\node_modules\@prisma\client\runtime\library.js:121:6307)
    at async Array.$allOperations (D:\restaurant-management-system\backend\src\lib\prisma.js:9:32)
    at async l (D:\restaurant-management-system\backend\node_modules\@prisma\client\runtime\library.js:130:9633)
    at async D:\restaurant-management-system\backend\src\routes\auth.js:196:22

[2026-04-06T20:13:53.208Z] 500 ERROR: GET /api/auth/me
PrismaClientValidationError: 
Invalid `prisma.member.findUnique()` invocation in
D:\restaurant-management-system\backend\src\routes\auth.js:196:42

  193 // Get current user profile
  194 router.get("/me", authenticate, async (req, res, next) => {
  195     try {
→ 196         const user = await prisma.member.findUnique({
                where: {
                  id: 10
                },
                select: {
                  id: true,
                  fullName: true,
                  email: true,
                  username: true,
                  phone: true,
                  address: true,
                  nic: true,
                  role: true,
                  loyaltyPoints: true,
                  status: true,
                  registrationDate: true,
                  notificationPreference: true,
                  emergencyContact: true,
                  emergencyPhone: true,
                  profileImageUrl: true,
                  ~~~~~~~~~~~~~~~
              ?   passwordHash?: true,
              ?   paymentSlipUrl?: true,
              ?   memberships?: true,
              ?   membershipPayments?: true,
              ?   venueBookings?: true,
              ?   bookingPayments?: true,
              ?   reservations?: true,
              ?   cart?: true,
              ?   orders?: true,
              ?   orderPayments?: true,
              ?   userNotifications?: true,
              ?   stockMovements?: true,
              ?   auditLogs?: true,
              ?   shifts?: true,
              ?   venueAssignments?: true,
              ?   membershipRequests?: true,
              ?   _count?: true
                }
              })

Unknown field `profileImageUrl` for select statement on model `Member`. Available options are marked with ?.
    at wn (D:\restaurant-management-system\backend\node_modules\@prisma\client\runtime\library.js:29:1363)
    at $n.handleRequestError (D:\restaurant-management-system\backend\node_modules\@prisma\client\runtime\library.js:121:6958)
    at $n.handleAndLogRequestError (D:\restaurant-management-system\backend\node_modules\@prisma\client\runtime\library.js:121:6623)
    at $n.request (D:\restaurant-management-system\backend\node_modules\@prisma\client\runtime\library.js:121:6307)
    at async Array.$allOperations (D:\restaurant-management-system\backend\src\lib\prisma.js:9:32)
    at async l (D:\restaurant-management-system\backend\node_modules\@prisma\client\runtime\library.js:130:9633)
    at async D:\restaurant-management-system\backend\src\routes\auth.js:196:22

[2026-04-06T20:14:53.201Z] 500 ERROR: GET /api/auth/me
PrismaClientValidationError: 
Invalid `prisma.member.findUnique()` invocation in
D:\restaurant-management-system\backend\src\routes\auth.js:196:42

  193 // Get current user profile
  194 router.get("/me", authenticate, async (req, res, next) => {
  195     try {
→ 196         const user = await prisma.member.findUnique({
                where: {
                  id: 10
                },
                select: {
                  id: true,
                  fullName: true,
                  email: true,
                  username: true,
                  phone: true,
                  address: true,
                  nic: true,
                  role: true,
                  loyaltyPoints: true,
                  status: true,
                  registrationDate: true,
                  notificationPreference: true,
                  emergencyContact: true,
                  emergencyPhone: true,
                  profileImageUrl: true,
                  ~~~~~~~~~~~~~~~
              ?   passwordHash?: true,
              ?   paymentSlipUrl?: true,
              ?   memberships?: true,
              ?   membershipPayments?: true,
              ?   venueBookings?: true,
              ?   bookingPayments?: true,
              ?   reservations?: true,
              ?   cart?: true,
              ?   orders?: true,
              ?   orderPayments?: true,
              ?   userNotifications?: true,
              ?   stockMovements?: true,
              ?   auditLogs?: true,
              ?   shifts?: true,
              ?   venueAssignments?: true,
              ?   membershipRequests?: true,
              ?   _count?: true
                }
              })

Unknown field `profileImageUrl` for select statement on model `Member`. Available options are marked with ?.
    at wn (D:\restaurant-management-system\backend\node_modules\@prisma\client\runtime\library.js:29:1363)
    at $n.handleRequestError (D:\restaurant-management-system\backend\node_modules\@prisma\client\runtime\library.js:121:6958)
    at $n.handleAndLogRequestError (D:\restaurant-management-system\backend\node_modules\@prisma\client\runtime\library.js:121:6623)
    at $n.request (D:\restaurant-management-system\backend\node_modules\@prisma\client\runtime\library.js:121:6307)
    at async Array.$allOperations (D:\restaurant-management-system\backend\src\lib\prisma.js:9:32)
    at async l (D:\restaurant-management-system\backend\node_modules\@prisma\client\runtime\library.js:130:9633)
    at async D:\restaurant-management-system\backend\src\routes\auth.js:196:22

[2026-04-06T20:15:53.214Z] 500 ERROR: GET /api/auth/me
PrismaClientValidationError: 
Invalid `prisma.member.findUnique()` invocation in
D:\restaurant-management-system\backend\src\routes\auth.js:196:42

  193 // Get current user profile
  194 router.get("/me", authenticate, async (req, res, next) => {
  195     try {
→ 196         const user = await prisma.member.findUnique({
                where: {
                  id: 10
                },
                select: {
                  id: true,
                  fullName: true,
                  email: true,
                  username: true,
                  phone: true,
                  address: true,
                  nic: true,
                  role: true,
                  loyaltyPoints: true,
                  status: true,
                  registrationDate: true,
                  notificationPreference: true,
                  emergencyContact: true,
                  emergencyPhone: true,
                  profileImageUrl: true,
                  ~~~~~~~~~~~~~~~
              ?   passwordHash?: true,
              ?   paymentSlipUrl?: true,
              ?   memberships?: true,
              ?   membershipPayments?: true,
              ?   venueBookings?: true,
              ?   bookingPayments?: true,
              ?   reservations?: true,
              ?   cart?: true,
              ?   orders?: true,
              ?   orderPayments?: true,
              ?   userNotifications?: true,
              ?   stockMovements?: true,
              ?   auditLogs?: true,
              ?   shifts?: true,
              ?   venueAssignments?: true,
              ?   membershipRequests?: true,
              ?   _count?: true
                }
              })

Unknown field `profileImageUrl` for select statement on model `Member`. Available options are marked with ?.
    at wn (D:\restaurant-management-system\backend\node_modules\@prisma\client\runtime\library.js:29:1363)
    at $n.handleRequestError (D:\restaurant-management-system\backend\node_modules\@prisma\client\runtime\library.js:121:6958)
    at $n.handleAndLogRequestError (D:\restaurant-management-system\backend\node_modules\@prisma\client\runtime\library.js:121:6623)
    at $n.request (D:\restaurant-management-system\backend\node_modules\@prisma\client\runtime\library.js:121:6307)
    at async Array.$allOperations (D:\restaurant-management-system\backend\src\lib\prisma.js:9:32)
    at async l (D:\restaurant-management-system\backend\node_modules\@prisma\client\runtime\library.js:130:9633)
    at async D:\restaurant-management-system\backend\src\routes\auth.js:196:22

[2026-04-06T20:16:53.193Z] 500 ERROR: GET /api/auth/me
PrismaClientValidationError: 
Invalid `prisma.member.findUnique()` invocation in
D:\restaurant-management-system\backend\src\routes\auth.js:196:42

  193 // Get current user profile
  194 router.get("/me", authenticate, async (req, res, next) => {
  195     try {
→ 196         const user = await prisma.member.findUnique({
                where: {
                  id: 10
                },
                select: {
                  id: true,
                  fullName: true,
                  email: true,
                  username: true,
                  phone: true,
                  address: true,
                  nic: true,
                  role: true,
                  loyaltyPoints: true,
                  status: true,
                  registrationDate: true,
                  notificationPreference: true,
                  emergencyContact: true,
                  emergencyPhone: true,
                  profileImageUrl: true,
                  ~~~~~~~~~~~~~~~
              ?   passwordHash?: true,
              ?   paymentSlipUrl?: true,
              ?   memberships?: true,
              ?   membershipPayments?: true,
              ?   venueBookings?: true,
              ?   bookingPayments?: true,
              ?   reservations?: true,
              ?   cart?: true,
              ?   orders?: true,
              ?   orderPayments?: true,
              ?   userNotifications?: true,
              ?   stockMovements?: true,
              ?   auditLogs?: true,
              ?   shifts?: true,
              ?   venueAssignments?: true,
              ?   membershipRequests?: true,
              ?   _count?: true
                }
              })

Unknown field `profileImageUrl` for select statement on model `Member`. Available options are marked with ?.
    at wn (D:\restaurant-management-system\backend\node_modules\@prisma\client\runtime\library.js:29:1363)
    at $n.handleRequestError (D:\restaurant-management-system\backend\node_modules\@prisma\client\runtime\library.js:121:6958)
    at $n.handleAndLogRequestError (D:\restaurant-management-system\backend\node_modules\@prisma\client\runtime\library.js:121:6623)
    at $n.request (D:\restaurant-management-system\backend\node_modules\@prisma\client\runtime\library.js:121:6307)
    at async Array.$allOperations (D:\restaurant-management-system\backend\src\lib\prisma.js:9:32)
    at async l (D:\restaurant-management-system\backend\node_modules\@prisma\client\runtime\library.js:130:9633)
    at async D:\restaurant-management-system\backend\src\routes\auth.js:196:22

[2026-04-06T20:17:53.182Z] 500 ERROR: GET /api/auth/me
PrismaClientValidationError: 
Invalid `prisma.member.findUnique()` invocation in
D:\restaurant-management-system\backend\src\routes\auth.js:196:42

  193 // Get current user profile
  194 router.get("/me", authenticate, async (req, res, next) => {
  195     try {
→ 196         const user = await prisma.member.findUnique({
                where: {
                  id: 10
                },
                select: {
                  id: true,
                  fullName: true,
                  email: true,
                  username: true,
                  phone: true,
                  address: true,
                  nic: true,
                  role: true,
                  loyaltyPoints: true,
                  status: true,
                  registrationDate: true,
                  notificationPreference: true,
                  emergencyContact: true,
                  emergencyPhone: true,
                  profileImageUrl: true,
                  ~~~~~~~~~~~~~~~
              ?   passwordHash?: true,
              ?   paymentSlipUrl?: true,
              ?   memberships?: true,
              ?   membershipPayments?: true,
              ?   venueBookings?: true,
              ?   bookingPayments?: true,
              ?   reservations?: true,
              ?   cart?: true,
              ?   orders?: true,
              ?   orderPayments?: true,
              ?   userNotifications?: true,
              ?   stockMovements?: true,
              ?   auditLogs?: true,
              ?   shifts?: true,
              ?   venueAssignments?: true,
              ?   membershipRequests?: true,
              ?   _count?: true
                }
              })

Unknown field `profileImageUrl` for select statement on model `Member`. Available options are marked with ?.
    at wn (D:\restaurant-management-system\backend\node_modules\@prisma\client\runtime\library.js:29:1363)
    at $n.handleRequestError (D:\restaurant-management-system\backend\node_modules\@prisma\client\runtime\library.js:121:6958)
    at $n.handleAndLogRequestError (D:\restaurant-management-system\backend\node_modules\@prisma\client\runtime\library.js:121:6623)
    at $n.request (D:\restaurant-management-system\backend\node_modules\@prisma\client\runtime\library.js:121:6307)
    at async Array.$allOperations (D:\restaurant-management-system\backend\src\lib\prisma.js:9:32)
    at async l (D:\restaurant-management-system\backend\node_modules\@prisma\client\runtime\library.js:130:9633)
    at async D:\restaurant-management-system\backend\src\routes\auth.js:196:22

[2026-04-06T20:18:53.310Z] 500 ERROR: GET /api/auth/me
PrismaClientValidationError: 
Invalid `prisma.member.findUnique()` invocation in
D:\restaurant-management-system\backend\src\routes\auth.js:196:42

  193 // Get current user profile
  194 router.get("/me", authenticate, async (req, res, next) => {
  195     try {
→ 196         const user = await prisma.member.findUnique({
                where: {
                  id: 10
                },
                select: {
                  id: true,
                  fullName: true,
                  email: true,
                  username: true,
                  phone: true,
                  address: true,
                  nic: true,
                  role: true,
                  loyaltyPoints: true,
                  status: true,
                  registrationDate: true,
                  notificationPreference: true,
                  emergencyContact: true,
                  emergencyPhone: true,
                  profileImageUrl: true,
                  ~~~~~~~~~~~~~~~
              ?   passwordHash?: true,
              ?   paymentSlipUrl?: true,
              ?   memberships?: true,
              ?   membershipPayments?: true,
              ?   venueBookings?: true,
              ?   bookingPayments?: true,
              ?   reservations?: true,
              ?   cart?: true,
              ?   orders?: true,
              ?   orderPayments?: true,
              ?   userNotifications?: true,
              ?   stockMovements?: true,
              ?   auditLogs?: true,
              ?   shifts?: true,
              ?   venueAssignments?: true,
              ?   membershipRequests?: true,
              ?   _count?: true
                }
              })

Unknown field `profileImageUrl` for select statement on model `Member`. Available options are marked with ?.
    at wn (D:\restaurant-management-system\backend\node_modules\@prisma\client\runtime\library.js:29:1363)
    at $n.handleRequestError (D:\restaurant-management-system\backend\node_modules\@prisma\client\runtime\library.js:121:6958)
    at $n.handleAndLogRequestError (D:\restaurant-management-system\backend\node_modules\@prisma\client\runtime\library.js:121:6623)
    at $n.request (D:\restaurant-management-system\backend\node_modules\@prisma\client\runtime\library.js:121:6307)
    at async Array.$allOperations (D:\restaurant-management-system\backend\src\lib\prisma.js:9:32)
    at async l (D:\restaurant-management-system\backend\node_modules\@prisma\client\runtime\library.js:130:9633)
    at async D:\restaurant-management-system\backend\src\routes\auth.js:196:22

[2026-04-06T20:19:53.260Z] 500 ERROR: GET /api/auth/me
PrismaClientValidationError: 
Invalid `prisma.member.findUnique()` invocation in
D:\restaurant-management-system\backend\src\routes\auth.js:196:42

  193 // Get current user profile
  194 router.get("/me", authenticate, async (req, res, next) => {
  195     try {
→ 196         const user = await prisma.member.findUnique({
                where: {
                  id: 10
                },
                select: {
                  id: true,
                  fullName: true,
                  email: true,
                  username: true,
                  phone: true,
                  address: true,
                  nic: true,
                  role: true,
                  loyaltyPoints: true,
                  status: true,
                  registrationDate: true,
                  notificationPreference: true,
                  emergencyContact: true,
                  emergencyPhone: true,
                  profileImageUrl: true,
                  ~~~~~~~~~~~~~~~
              ?   passwordHash?: true,
              ?   paymentSlipUrl?: true,
              ?   memberships?: true,
              ?   membershipPayments?: true,
              ?   venueBookings?: true,
              ?   bookingPayments?: true,
              ?   reservations?: true,
              ?   cart?: true,
              ?   orders?: true,
              ?   orderPayments?: true,
              ?   userNotifications?: true,
              ?   stockMovements?: true,
              ?   auditLogs?: true,
              ?   shifts?: true,
              ?   venueAssignments?: true,
              ?   membershipRequests?: true,
              ?   _count?: true
                }
              })

Unknown field `profileImageUrl` for select statement on model `Member`. Available options are marked with ?.
    at wn (D:\restaurant-management-system\backend\node_modules\@prisma\client\runtime\library.js:29:1363)
    at $n.handleRequestError (D:\restaurant-management-system\backend\node_modules\@prisma\client\runtime\library.js:121:6958)
    at $n.handleAndLogRequestError (D:\restaurant-management-system\backend\node_modules\@prisma\client\runtime\library.js:121:6623)
    at $n.request (D:\restaurant-management-system\backend\node_modules\@prisma\client\runtime\library.js:121:6307)
    at async Array.$allOperations (D:\restaurant-management-system\backend\src\lib\prisma.js:9:32)
    at async l (D:\restaurant-management-system\backend\node_modules\@prisma\client\runtime\library.js:130:9633)
    at async D:\restaurant-management-system\backend\src\routes\auth.js:196:22

[2026-04-06T20:20:53.181Z] 500 ERROR: GET /api/auth/me
PrismaClientValidationError: 
Invalid `prisma.member.findUnique()` invocation in
D:\restaurant-management-system\backend\src\routes\auth.js:196:42

  193 // Get current user profile
  194 router.get("/me", authenticate, async (req, res, next) => {
  195     try {
→ 196         const user = await prisma.member.findUnique({
                where: {
                  id: 10
                },
                select: {
                  id: true,
                  fullName: true,
                  email: true,
                  username: true,
                  phone: true,
                  address: true,
                  nic: true,
                  role: true,
                  loyaltyPoints: true,
                  status: true,
                  registrationDate: true,
                  notificationPreference: true,
                  emergencyContact: true,
                  emergencyPhone: true,
                  profileImageUrl: true,
                  ~~~~~~~~~~~~~~~
              ?   passwordHash?: true,
              ?   paymentSlipUrl?: true,
              ?   memberships?: true,
              ?   membershipPayments?: true,
              ?   venueBookings?: true,
              ?   bookingPayments?: true,
              ?   reservations?: true,
              ?   cart?: true,
              ?   orders?: true,
              ?   orderPayments?: true,
              ?   userNotifications?: true,
              ?   stockMovements?: true,
              ?   auditLogs?: true,
              ?   shifts?: true,
              ?   venueAssignments?: true,
              ?   membershipRequests?: true,
              ?   _count?: true
                }
              })

Unknown field `profileImageUrl` for select statement on model `Member`. Available options are marked with ?.
    at wn (D:\restaurant-management-system\backend\node_modules\@prisma\client\runtime\library.js:29:1363)
    at $n.handleRequestError (D:\restaurant-management-system\backend\node_modules\@prisma\client\runtime\library.js:121:6958)
    at $n.handleAndLogRequestError (D:\restaurant-management-system\backend\node_modules\@prisma\client\runtime\library.js:121:6623)
    at $n.request (D:\restaurant-management-system\backend\node_modules\@prisma\client\runtime\library.js:121:6307)
    at async Array.$allOperations (D:\restaurant-management-system\backend\src\lib\prisma.js:9:32)
    at async l (D:\restaurant-management-system\backend\node_modules\@prisma\client\runtime\library.js:130:9633)
    at async D:\restaurant-management-system\backend\src\routes\auth.js:196:22

[2026-04-06T20:21:53.328Z] 500 ERROR: GET /api/auth/me
PrismaClientValidationError: 
Invalid `prisma.member.findUnique()` invocation in
D:\restaurant-management-system\backend\src\routes\auth.js:196:42

  193 // Get current user profile
  194 router.get("/me", authenticate, async (req, res, next) => {
  195     try {
→ 196         const user = await prisma.member.findUnique({
                where: {
                  id: 10
                },
                select: {
                  id: true,
                  fullName: true,
                  email: true,
                  username: true,
                  phone: true,
                  address: true,
                  nic: true,
                  role: true,
                  loyaltyPoints: true,
                  status: true,
                  registrationDate: true,
                  notificationPreference: true,
                  emergencyContact: true,
                  emergencyPhone: true,
                  profileImageUrl: true,
                  ~~~~~~~~~~~~~~~
              ?   passwordHash?: true,
              ?   paymentSlipUrl?: true,
              ?   memberships?: true,
              ?   membershipPayments?: true,
              ?   venueBookings?: true,
              ?   bookingPayments?: true,
              ?   reservations?: true,
              ?   cart?: true,
              ?   orders?: true,
              ?   orderPayments?: true,
              ?   userNotifications?: true,
              ?   stockMovements?: true,
              ?   auditLogs?: true,
              ?   shifts?: true,
              ?   venueAssignments?: true,
              ?   membershipRequests?: true,
              ?   _count?: true
                }
              })

Unknown field `profileImageUrl` for select statement on model `Member`. Available options are marked with ?.
    at wn (D:\restaurant-management-system\backend\node_modules\@prisma\client\runtime\library.js:29:1363)
    at $n.handleRequestError (D:\restaurant-management-system\backend\node_modules\@prisma\client\runtime\library.js:121:6958)
    at $n.handleAndLogRequestError (D:\restaurant-management-system\backend\node_modules\@prisma\client\runtime\library.js:121:6623)
    at $n.request (D:\restaurant-management-system\backend\node_modules\@prisma\client\runtime\library.js:121:6307)
    at async Array.$allOperations (D:\restaurant-management-system\backend\src\lib\prisma.js:9:32)
    at async l (D:\restaurant-management-system\backend\node_modules\@prisma\client\runtime\library.js:130:9633)
    at async D:\restaurant-management-system\backend\src\routes\auth.js:196:22

[2026-04-06T20:22:53.216Z] 500 ERROR: GET /api/auth/me
PrismaClientValidationError: 
Invalid `prisma.member.findUnique()` invocation in
D:\restaurant-management-system\backend\src\routes\auth.js:196:42

  193 // Get current user profile
  194 router.get("/me", authenticate, async (req, res, next) => {
  195     try {
→ 196         const user = await prisma.member.findUnique({
                where: {
                  id: 10
                },
                select: {
                  id: true,
                  fullName: true,
                  email: true,
                  username: true,
                  phone: true,
                  address: true,
                  nic: true,
                  role: true,
                  loyaltyPoints: true,
                  status: true,
                  registrationDate: true,
                  notificationPreference: true,
                  emergencyContact: true,
                  emergencyPhone: true,
                  profileImageUrl: true,
                  ~~~~~~~~~~~~~~~
              ?   passwordHash?: true,
              ?   paymentSlipUrl?: true,
              ?   memberships?: true,
              ?   membershipPayments?: true,
              ?   venueBookings?: true,
              ?   bookingPayments?: true,
              ?   reservations?: true,
              ?   cart?: true,
              ?   orders?: true,
              ?   orderPayments?: true,
              ?   userNotifications?: true,
              ?   stockMovements?: true,
              ?   auditLogs?: true,
              ?   shifts?: true,
              ?   venueAssignments?: true,
              ?   membershipRequests?: true,
              ?   _count?: true
                }
              })

Unknown field `profileImageUrl` for select statement on model `Member`. Available options are marked with ?.
    at wn (D:\restaurant-management-system\backend\node_modules\@prisma\client\runtime\library.js:29:1363)
    at $n.handleRequestError (D:\restaurant-management-system\backend\node_modules\@prisma\client\runtime\library.js:121:6958)
    at $n.handleAndLogRequestError (D:\restaurant-management-system\backend\node_modules\@prisma\client\runtime\library.js:121:6623)
    at $n.request (D:\restaurant-management-system\backend\node_modules\@prisma\client\runtime\library.js:121:6307)
    at async Array.$allOperations (D:\restaurant-management-system\backend\src\lib\prisma.js:9:32)
    at async l (D:\restaurant-management-system\backend\node_modules\@prisma\client\runtime\library.js:130:9633)
    at async D:\restaurant-management-system\backend\src\routes\auth.js:196:22

[2026-04-06T20:23:18.735Z] 500 ERROR: GET /api/auth/me
PrismaClientValidationError: 
Invalid `prisma.member.findUnique()` invocation in
D:\restaurant-management-system\backend\src\routes\auth.js:196:42

  193 // Get current user profile
  194 router.get("/me", authenticate, async (req, res, next) => {
  195     try {
→ 196         const user = await prisma.member.findUnique({
                where: {
                  id: 10
                },
                select: {
                  id: true,
                  fullName: true,
                  email: true,
                  username: true,
                  phone: true,
                  address: true,
                  nic: true,
                  role: true,
                  loyaltyPoints: true,
                  status: true,
                  registrationDate: true,
                  notificationPreference: true,
                  emergencyContact: true,
                  emergencyPhone: true,
                  profileImageUrl: true,
                  ~~~~~~~~~~~~~~~
              ?   passwordHash?: true,
              ?   paymentSlipUrl?: true,
              ?   memberships?: true,
              ?   membershipPayments?: true,
              ?   venueBookings?: true,
              ?   bookingPayments?: true,
              ?   reservations?: true,
              ?   cart?: true,
              ?   orders?: true,
              ?   orderPayments?: true,
              ?   userNotifications?: true,
              ?   stockMovements?: true,
              ?   auditLogs?: true,
              ?   shifts?: true,
              ?   venueAssignments?: true,
              ?   membershipRequests?: true,
              ?   _count?: true
                }
              })

Unknown field `profileImageUrl` for select statement on model `Member`. Available options are marked with ?.
    at wn (D:\restaurant-management-system\backend\node_modules\@prisma\client\runtime\library.js:29:1363)
    at $n.handleRequestError (D:\restaurant-management-system\backend\node_modules\@prisma\client\runtime\library.js:121:6958)
    at $n.handleAndLogRequestError (D:\restaurant-management-system\backend\node_modules\@prisma\client\runtime\library.js:121:6623)
    at $n.request (D:\restaurant-management-system\backend\node_modules\@prisma\client\runtime\library.js:121:6307)
    at async Array.$allOperations (D:\restaurant-management-system\backend\src\lib\prisma.js:9:32)
    at async l (D:\restaurant-management-system\backend\node_modules\@prisma\client\runtime\library.js:130:9633)
    at async D:\restaurant-management-system\backend\src\routes\auth.js:196:22

[2026-04-06T20:23:47.638Z] 500 ERROR: GET /api/auth/me
PrismaClientValidationError: 
Invalid `prisma.member.findUnique()` invocation in
D:\restaurant-management-system\backend\src\routes\auth.js:196:42

  193 // Get current user profile
  194 router.get("/me", authenticate, async (req, res, next) => {
  195     try {
→ 196         const user = await prisma.member.findUnique({
                where: {
                  id: 10
                },
                select: {
                  id: true,
                  fullName: true,
                  email: true,
                  username: true,
                  phone: true,
                  address: true,
                  nic: true,
                  role: true,
                  loyaltyPoints: true,
                  status: true,
                  registrationDate: true,
                  notificationPreference: true,
                  emergencyContact: true,
                  emergencyPhone: true,
                  profileImageUrl: true,
                  ~~~~~~~~~~~~~~~
              ?   passwordHash?: true,
              ?   paymentSlipUrl?: true,
              ?   memberships?: true,
              ?   membershipPayments?: true,
              ?   venueBookings?: true,
              ?   bookingPayments?: true,
              ?   reservations?: true,
              ?   cart?: true,
              ?   orders?: true,
              ?   orderPayments?: true,
              ?   userNotifications?: true,
              ?   stockMovements?: true,
              ?   auditLogs?: true,
              ?   shifts?: true,
              ?   venueAssignments?: true,
              ?   membershipRequests?: true,
              ?   _count?: true
                }
              })

Unknown field `profileImageUrl` for select statement on model `Member`. Available options are marked with ?.
    at wn (D:\restaurant-management-system\backend\node_modules\@prisma\client\runtime\library.js:29:1363)
    at $n.handleRequestError (D:\restaurant-management-system\backend\node_modules\@prisma\client\runtime\library.js:121:6958)
    at $n.handleAndLogRequestError (D:\restaurant-management-system\backend\node_modules\@prisma\client\runtime\library.js:121:6623)
    at $n.request (D:\restaurant-management-system\backend\node_modules\@prisma\client\runtime\library.js:121:6307)
    at async Array.$allOperations (D:\restaurant-management-system\backend\src\lib\prisma.js:9:32)
    at async l (D:\restaurant-management-system\backend\node_modules\@prisma\client\runtime\library.js:130:9633)
    at async D:\restaurant-management-system\backend\src\routes\auth.js:196:22

[2026-04-06T20:23:55.952Z] 500 ERROR: GET /api/auth/me
PrismaClientValidationError: 
Invalid `prisma.member.findUnique()` invocation in
D:\restaurant-management-system\backend\src\routes\auth.js:196:42

  193 // Get current user profile
  194 router.get("/me", authenticate, async (req, res, next) => {
  195     try {
→ 196         const user = await prisma.member.findUnique({
                where: {
                  id: 10
                },
                select: {
                  id: true,
                  fullName: true,
                  email: true,
                  username: true,
                  phone: true,
                  address: true,
                  nic: true,
                  role: true,
                  loyaltyPoints: true,
                  status: true,
                  registrationDate: true,
                  notificationPreference: true,
                  emergencyContact: true,
                  emergencyPhone: true,
                  profileImageUrl: true,
                  ~~~~~~~~~~~~~~~
              ?   passwordHash?: true,
              ?   paymentSlipUrl?: true,
              ?   memberships?: true,
              ?   membershipPayments?: true,
              ?   venueBookings?: true,
              ?   bookingPayments?: true,
              ?   reservations?: true,
              ?   cart?: true,
              ?   orders?: true,
              ?   orderPayments?: true,
              ?   userNotifications?: true,
              ?   stockMovements?: true,
              ?   auditLogs?: true,
              ?   shifts?: true,
              ?   venueAssignments?: true,
              ?   membershipRequests?: true,
              ?   _count?: true
                }
              })

Unknown field `profileImageUrl` for select statement on model `Member`. Available options are marked with ?.
    at wn (D:\restaurant-management-system\backend\node_modules\@prisma\client\runtime\library.js:29:1363)
    at $n.handleRequestError (D:\restaurant-management-system\backend\node_modules\@prisma\client\runtime\library.js:121:6958)
    at $n.handleAndLogRequestError (D:\restaurant-management-system\backend\node_modules\@prisma\client\runtime\library.js:121:6623)
    at $n.request (D:\restaurant-management-system\backend\node_modules\@prisma\client\runtime\library.js:121:6307)
    at async Array.$allOperations (D:\restaurant-management-system\backend\src\lib\prisma.js:9:32)
    at async l (D:\restaurant-management-system\backend\node_modules\@prisma\client\runtime\library.js:130:9633)
    at async D:\restaurant-management-system\backend\src\routes\auth.js:196:22

[2026-04-06T20:25:06.606Z] 500 ERROR: GET /api/auth/me
PrismaClientValidationError: 
Invalid `prisma.member.findUnique()` invocation in
D:\restaurant-management-system\backend\src\routes\auth.js:196:42

  193 // Get current user profile
  194 router.get("/me", authenticate, async (req, res, next) => {
  195     try {
→ 196         const user = await prisma.member.findUnique({
                where: {
                  id: 10
                },
                select: {
                  id: true,
                  fullName: true,
                  email: true,
                  username: true,
                  phone: true,
                  address: true,
                  nic: true,
                  role: true,
                  loyaltyPoints: true,
                  status: true,
                  registrationDate: true,
                  notificationPreference: true,
                  emergencyContact: true,
                  emergencyPhone: true,
                  profileImageUrl: true,
                  ~~~~~~~~~~~~~~~
              ?   passwordHash?: true,
              ?   paymentSlipUrl?: true,
              ?   memberships?: true,
              ?   membershipPayments?: true,
              ?   venueBookings?: true,
              ?   bookingPayments?: true,
              ?   reservations?: true,
              ?   cart?: true,
              ?   orders?: true,
              ?   orderPayments?: true,
              ?   userNotifications?: true,
              ?   stockMovements?: true,
              ?   auditLogs?: true,
              ?   shifts?: true,
              ?   venueAssignments?: true,
              ?   membershipRequests?: true,
              ?   _count?: true
                }
              })

Unknown field `profileImageUrl` for select statement on model `Member`. Available options are marked with ?.
    at wn (D:\restaurant-management-system\backend\node_modules\@prisma\client\runtime\library.js:29:1363)
    at $n.handleRequestError (D:\restaurant-management-system\backend\node_modules\@prisma\client\runtime\library.js:121:6958)
    at $n.handleAndLogRequestError (D:\restaurant-management-system\backend\node_modules\@prisma\client\runtime\library.js:121:6623)
    at $n.request (D:\restaurant-management-system\backend\node_modules\@prisma\client\runtime\library.js:121:6307)
    at async Array.$allOperations (D:\restaurant-management-system\backend\src\lib\prisma.js:9:32)
    at async l (D:\restaurant-management-system\backend\node_modules\@prisma\client\runtime\library.js:130:9633)
    at async D:\restaurant-management-system\backend\src\routes\auth.js:196:22

[2026-04-06T20:25:12.690Z] 500 ERROR: GET /api/auth/me
PrismaClientValidationError: 
Invalid `prisma.member.findUnique()` invocation in
D:\restaurant-management-system\backend\src\routes\auth.js:196:42

  193 // Get current user profile
  194 router.get("/me", authenticate, async (req, res, next) => {
  195     try {
→ 196         const user = await prisma.member.findUnique({
                where: {
                  id: 10
                },
                select: {
                  id: true,
                  fullName: true,
                  email: true,
                  username: true,
                  phone: true,
                  address: true,
                  nic: true,
                  role: true,
                  loyaltyPoints: true,
                  status: true,
                  registrationDate: true,
                  notificationPreference: true,
                  emergencyContact: true,
                  emergencyPhone: true,
                  profileImageUrl: true,
                  ~~~~~~~~~~~~~~~
              ?   passwordHash?: true,
              ?   paymentSlipUrl?: true,
              ?   memberships?: true,
              ?   membershipPayments?: true,
              ?   venueBookings?: true,
              ?   bookingPayments?: true,
              ?   reservations?: true,
              ?   cart?: true,
              ?   orders?: true,
              ?   orderPayments?: true,
              ?   userNotifications?: true,
              ?   stockMovements?: true,
              ?   auditLogs?: true,
              ?   shifts?: true,
              ?   venueAssignments?: true,
              ?   membershipRequests?: true,
              ?   _count?: true
                }
              })

Unknown field `profileImageUrl` for select statement on model `Member`. Available options are marked with ?.
    at wn (D:\restaurant-management-system\backend\node_modules\@prisma\client\runtime\library.js:29:1363)
    at $n.handleRequestError (D:\restaurant-management-system\backend\node_modules\@prisma\client\runtime\library.js:121:6958)
    at $n.handleAndLogRequestError (D:\restaurant-management-system\backend\node_modules\@prisma\client\runtime\library.js:121:6623)
    at $n.request (D:\restaurant-management-system\backend\node_modules\@prisma\client\runtime\library.js:121:6307)
    at async Array.$allOperations (D:\restaurant-management-system\backend\src\lib\prisma.js:9:32)
    at async l (D:\restaurant-management-system\backend\node_modules\@prisma\client\runtime\library.js:130:9633)
    at async D:\restaurant-management-system\backend\src\routes\auth.js:196:22

[2026-04-06T20:25:42.682Z] 500 ERROR: GET /api/auth/me
PrismaClientValidationError: 
Invalid `prisma.member.findUnique()` invocation in
D:\restaurant-management-system\backend\src\routes\auth.js:196:42

  193 // Get current user profile
  194 router.get("/me", authenticate, async (req, res, next) => {
  195     try {
→ 196         const user = await prisma.member.findUnique({
                where: {
                  id: 10
                },
                select: {
                  id: true,
                  fullName: true,
                  email: true,
                  username: true,
                  phone: true,
                  address: true,
                  nic: true,
                  role: true,
                  loyaltyPoints: true,
                  status: true,
                  registrationDate: true,
                  notificationPreference: true,
                  emergencyContact: true,
                  emergencyPhone: true,
                  profileImageUrl: true,
                  ~~~~~~~~~~~~~~~
              ?   passwordHash?: true,
              ?   paymentSlipUrl?: true,
              ?   memberships?: true,
              ?   membershipPayments?: true,
              ?   venueBookings?: true,
              ?   bookingPayments?: true,
              ?   reservations?: true,
              ?   cart?: true,
              ?   orders?: true,
              ?   orderPayments?: true,
              ?   userNotifications?: true,
              ?   stockMovements?: true,
              ?   auditLogs?: true,
              ?   shifts?: true,
              ?   venueAssignments?: true,
              ?   membershipRequests?: true,
              ?   _count?: true
                }
              })

Unknown field `profileImageUrl` for select statement on model `Member`. Available options are marked with ?.
    at wn (D:\restaurant-management-system\backend\node_modules\@prisma\client\runtime\library.js:29:1363)
    at $n.handleRequestError (D:\restaurant-management-system\backend\node_modules\@prisma\client\runtime\library.js:121:6958)
    at $n.handleAndLogRequestError (D:\restaurant-management-system\backend\node_modules\@prisma\client\runtime\library.js:121:6623)
    at $n.request (D:\restaurant-management-system\backend\node_modules\@prisma\client\runtime\library.js:121:6307)
    at async Array.$allOperations (D:\restaurant-management-system\backend\src\lib\prisma.js:9:32)
    at async l (D:\restaurant-management-system\backend\node_modules\@prisma\client\runtime\library.js:130:9633)
    at async D:\restaurant-management-system\backend\src\routes\auth.js:196:22

[2026-04-12T20:23:29.540Z] 500 ERROR: POST /api/membership/upgrade-request
PrismaClientValidationError: 
Invalid `prisma.membershipUpgradeRequest.create()` invocation in
D:\restaurant-management-system\backend\src\routes\memberships.js:196:63

  193     throw new BadRequestError('You already have a pending upgrade request')
  194 }
  195 
→ 196 const request = await prisma.membershipUpgradeRequest.create({
        data: {
          memberId: 10,
          newPlanId: "lifetime",
          status: "Pending",
      +   oldPlanId: String
        }
      })

Argument `oldPlanId` is missing.
    at wn (D:\restaurant-management-system\backend\node_modules\@prisma\client\runtime\library.js:29:1363)
    at $n.handleRequestError (D:\restaurant-management-system\backend\node_modules\@prisma\client\runtime\library.js:121:6958)
    at $n.handleAndLogRequestError (D:\restaurant-management-system\backend\node_modules\@prisma\client\runtime\library.js:121:6623)
    at $n.request (D:\restaurant-management-system\backend\node_modules\@prisma\client\runtime\library.js:121:6307)
    at async Array.$allOperations (D:\restaurant-management-system\backend\src\lib\prisma.js:9:32)
    at async l (D:\restaurant-management-system\backend\node_modules\@prisma\client\runtime\library.js:130:9633)
    at async D:\restaurant-management-system\backend\src\routes\memberships.js:196:25

[2026-04-13T03:24:17.651Z] 500 ERROR: PUT /api/venues/bookings/2
PrismaClientValidationError: 
Invalid `prisma.venueBooking.update()` invocation in
D:\restaurant-management-system\backend\src\routes\venues.js:408:51

  405     updateData.cancellationReason = cancellationReason;
  406 }
  407 
→ 408 const booking = await prisma.venueBooking.update({
        where: {
          id: 2
        },
        data: {
          bookingStatus: "Cancelled",
          cancellationReason: "Another booking is on the day",
          ~~~~~~~~~~~~~~~~~~
      ?   bookingDate?: DateTime | DateTimeFieldUpdateOperationsInput,
      ?   timeSlot?: String | StringFieldUpdateOperationsInput,
      ?   purpose?: String | NullableStringFieldUpdateOperationsInput | Null,
      ?   createdDate?: DateTime | DateTimeFieldUpdateOperationsInput,
      ?   member?: MemberUpdateOneRequiredWithoutVenueBookingsNestedInput,
      ?   venue?: VenueUpdateOneRequiredWithoutBookingsNestedInput,
      ?   payments?: BookingPaymentUpdateManyWithoutBookingNestedInput,
      ?   feedback?: VenueFeedbackUpdateOneWithoutBookingNestedInput
        },
        include: {
          venue: true,
          member: true
        }
      })

Unknown argument `cancellationReason`. Available options are marked with ?.
    at wn (D:\restaurant-management-system\backend\node_modules\@prisma\client\runtime\library.js:29:1363)
    at $n.handleRequestError (D:\restaurant-management-system\backend\node_modules\@prisma\client\runtime\library.js:121:6958)
    at $n.handleAndLogRequestError (D:\restaurant-management-system\backend\node_modules\@prisma\client\runtime\library.js:121:6623)
    at $n.request (D:\restaurant-management-system\backend\node_modules\@prisma\client\runtime\library.js:121:6307)
    at async Array.$allOperations (D:\restaurant-management-system\backend\src\lib\prisma.js:9:32)
    at async l (D:\restaurant-management-system\backend\node_modules\@prisma\client\runtime\library.js:130:9633)
    at async D:\restaurant-management-system\backend\src\routes\venues.js:408:25

[2026-04-13T03:24:19.695Z] 500 ERROR: PUT /api/venues/bookings/2
PrismaClientValidationError: 
Invalid `prisma.venueBooking.update()` invocation in
D:\restaurant-management-system\backend\src\routes\venues.js:408:51

  405     updateData.cancellationReason = cancellationReason;
  406 }
  407 
→ 408 const booking = await prisma.venueBooking.update({
        where: {
          id: 2
        },
        data: {
          bookingStatus: "Cancelled",
          cancellationReason: "Another booking is on the day",
          ~~~~~~~~~~~~~~~~~~
      ?   bookingDate?: DateTime | DateTimeFieldUpdateOperationsInput,
      ?   timeSlot?: String | StringFieldUpdateOperationsInput,
      ?   purpose?: String | NullableStringFieldUpdateOperationsInput | Null,
      ?   createdDate?: DateTime | DateTimeFieldUpdateOperationsInput,
      ?   member?: MemberUpdateOneRequiredWithoutVenueBookingsNestedInput,
      ?   venue?: VenueUpdateOneRequiredWithoutBookingsNestedInput,
      ?   payments?: BookingPaymentUpdateManyWithoutBookingNestedInput,
      ?   feedback?: VenueFeedbackUpdateOneWithoutBookingNestedInput
        },
        include: {
          venue: true,
          member: true
        }
      })

Unknown argument `cancellationReason`. Available options are marked with ?.
    at wn (D:\restaurant-management-system\backend\node_modules\@prisma\client\runtime\library.js:29:1363)
    at $n.handleRequestError (D:\restaurant-management-system\backend\node_modules\@prisma\client\runtime\library.js:121:6958)
    at $n.handleAndLogRequestError (D:\restaurant-management-system\backend\node_modules\@prisma\client\runtime\library.js:121:6623)
    at $n.request (D:\restaurant-management-system\backend\node_modules\@prisma\client\runtime\library.js:121:6307)
    at async Array.$allOperations (D:\restaurant-management-system\backend\src\lib\prisma.js:9:32)
    at async l (D:\restaurant-management-system\backend\node_modules\@prisma\client\runtime\library.js:130:9633)
    at async D:\restaurant-management-system\backend\src\routes\venues.js:408:25

[2026-04-13T12:10:41.436Z] 500 ERROR: GET /api/admin/export/bookings?range=week
PrismaClientValidationError: 
Invalid `prisma.venueBooking.findMany()` invocation in
D:\restaurant-management-system\backend\src\routes\admin.js:278:60

  275 }
  276 
  277 case 'bookings': {
→ 278     const bookings = await prisma.venueBooking.findMany({
            include: {
              member: {
                select: {
                  fullName: true,
                  email: true,
                  phone: true
                }
              },
              venue: {
                select: {
                  name: true,
                  location: true,
                  ~~~~~~~~
          ?       id?: true,
          ?       capacity?: true,
          ?       facilities?: true,
          ?       atmosphere?: true,
          ?       charge?: true,
          ?       isAvailable?: true,
          ?       imageUrl?: true,
          ?       bookings?: true,
          ?       assignments?: true,
          ?       _count?: true
                }
              }
            },
            orderBy: {
              bookingDate: "desc"
            }
          })

Unknown field `location` for select statement on model `Venue`. Available options are marked with ?.
    at wn (D:\restaurant-management-system\backend\node_modules\@prisma\client\runtime\library.js:29:1363)
    at $n.handleRequestError (D:\restaurant-management-system\backend\node_modules\@prisma\client\runtime\library.js:121:6958)
    at $n.handleAndLogRequestError (D:\restaurant-management-system\backend\node_modules\@prisma\client\runtime\library.js:121:6623)
    at $n.request (D:\restaurant-management-system\backend\node_modules\@prisma\client\runtime\library.js:121:6307)
    at async Array.$allOperations (D:\restaurant-management-system\backend\src\lib\prisma.js:9:32)
    at async l (D:\restaurant-management-system\backend\node_modules\@prisma\client\runtime\library.js:130:9633)
    at async D:\restaurant-management-system\backend\src\routes\admin.js:278:34

[2026-04-13T12:10:43.051Z] 500 ERROR: GET /api/admin/export/bookings?range=week
PrismaClientValidationError: 
Invalid `prisma.venueBooking.findMany()` invocation in
D:\restaurant-management-system\backend\src\routes\admin.js:278:60

  275 }
  276 
  277 case 'bookings': {
→ 278     const bookings = await prisma.venueBooking.findMany({
            include: {
              member: {
                select: {
                  fullName: true,
                  email: true,
                  phone: true
                }
              },
              venue: {
                select: {
                  name: true,
                  location: true,
                  ~~~~~~~~
          ?       id?: true,
          ?       capacity?: true,
          ?       facilities?: true,
          ?       atmosphere?: true,
          ?       charge?: true,
          ?       isAvailable?: true,
          ?       imageUrl?: true,
          ?       bookings?: true,
          ?       assignments?: true,
          ?       _count?: true
                }
              }
            },
            orderBy: {
              bookingDate: "desc"
            }
          })

Unknown field `location` for select statement on model `Venue`. Available options are marked with ?.
    at wn (D:\restaurant-management-system\backend\node_modules\@prisma\client\runtime\library.js:29:1363)
    at $n.handleRequestError (D:\restaurant-management-system\backend\node_modules\@prisma\client\runtime\library.js:121:6958)
    at $n.handleAndLogRequestError (D:\restaurant-management-system\backend\node_modules\@prisma\client\runtime\library.js:121:6623)
    at $n.request (D:\restaurant-management-system\backend\node_modules\@prisma\client\runtime\library.js:121:6307)
    at async Array.$allOperations (D:\restaurant-management-system\backend\src\lib\prisma.js:9:32)
    at async l (D:\restaurant-management-system\backend\node_modules\@prisma\client\runtime\library.js:130:9633)
    at async D:\restaurant-management-system\backend\src\routes\admin.js:278:34

[2026-04-14T18:29:52.929Z] 500 ERROR: GET /api/venues/bookings/calendar?startDate=2026-03-31T18:30:00.000Z&endDate=2026-04-30T18:30:00.000Z
PrismaClientValidationError: 
Invalid `prisma.venueBooking.findMany()` invocation in
D:\restaurant-management-system\backend\src\routes\venues.js:475:52

  472 // Only show non-cancelled bookings
  473 whereClause.bookingStatus = { not: 'Cancelled' };
  474 
→ 475 const bookings = await prisma.venueBooking.findMany({
        where: {
          bookingDate: {
            gte: new Date("2026-03-31T18:30:00.000Z"),
            lte: new Date("2026-04-30T18:30:00.000Z")
          },
          bookingStatus: {
            not: "Cancelled"
          }
        },
        include: {
          venue: {
            select: {
              id: true,
              name: true
            }
          },
          member: {
            select: {
              id: true,
              fullName: true,
              email: true,
              phone: true
            }
          },
          payments: {
            select: {
              id: true,
              amount: true,
              paymentStatus: true,
              paymentMethod: true,
              receiptUrl: true,
              ~~~~~~~~~~
      ?       bookingId?: true,
      ?       memberId?: true,
      ?       transactionId?: true,
      ?       paymentDate?: true,
      ?       booking?: true,
      ?       member?: true
            }
          }
        },
        orderBy: [
          {
            bookingDate: "asc"
          },
          {
            timeSlot: "asc"
          }
        ]
      })

Unknown field `receiptUrl` for select statement on model `BookingPayment`. Available options are marked with ?.
    at wn (D:\restaurant-management-system\backend\node_modules\@prisma\client\runtime\library.js:29:1363)
    at $n.handleRequestError (D:\restaurant-management-system\backend\node_modules\@prisma\client\runtime\library.js:121:6958)
    at $n.handleAndLogRequestError (D:\restaurant-management-system\backend\node_modules\@prisma\client\runtime\library.js:121:6623)
    at $n.request (D:\restaurant-management-system\backend\node_modules\@prisma\client\runtime\library.js:121:6307)
    at async Array.$allOperations (D:\restaurant-management-system\backend\src\lib\prisma.js:9:32)
    at async l (D:\restaurant-management-system\backend\node_modules\@prisma\client\runtime\library.js:130:9633)
    at async D:\restaurant-management-system\backend\src\routes\venues.js:475:26

[2026-04-14T18:32:21.130Z] 500 ERROR: GET /api/venues/bookings/calendar?startDate=2026-03-31T18:30:00.000Z&endDate=2026-04-30T18:30:00.000Z
PrismaClientValidationError: 
Invalid `prisma.venueBooking.findMany()` invocation in
D:\restaurant-management-system\backend\src\routes\venues.js:475:52

  472 // Only show non-cancelled bookings
  473 whereClause.bookingStatus = { not: 'Cancelled' };
  474 
→ 475 const bookings = await prisma.venueBooking.findMany({
        where: {
          bookingDate: {
            gte: new Date("2026-03-31T18:30:00.000Z"),
            lte: new Date("2026-04-30T18:30:00.000Z")
          },
          bookingStatus: {
            not: "Cancelled"
          }
        },
        include: {
          venue: {
            select: {
              id: true,
              name: true
            }
          },
          member: {
            select: {
              id: true,
              fullName: true,
              email: true,
              phone: true
            }
          },
          payments: {
            select: {
              id: true,
              amount: true,
              paymentStatus: true,
              paymentMethod: true,
              receiptUrl: true,
              ~~~~~~~~~~
      ?       bookingId?: true,
      ?       memberId?: true,
      ?       transactionId?: true,
      ?       paymentDate?: true,
      ?       booking?: true,
      ?       member?: true
            }
          }
        },
        orderBy: [
          {
            bookingDate: "asc"
          },
          {
            timeSlot: "asc"
          }
        ]
      })

Unknown field `receiptUrl` for select statement on model `BookingPayment`. Available options are marked with ?.
    at wn (D:\restaurant-management-system\backend\node_modules\@prisma\client\runtime\library.js:29:1363)
    at $n.handleRequestError (D:\restaurant-management-system\backend\node_modules\@prisma\client\runtime\library.js:121:6958)
    at $n.handleAndLogRequestError (D:\restaurant-management-system\backend\node_modules\@prisma\client\runtime\library.js:121:6623)
    at $n.request (D:\restaurant-management-system\backend\node_modules\@prisma\client\runtime\library.js:121:6307)
    at async Array.$allOperations (D:\restaurant-management-system\backend\src\lib\prisma.js:9:32)
    at async l (D:\restaurant-management-system\backend\node_modules\@prisma\client\runtime\library.js:130:9633)
    at async D:\restaurant-management-system\backend\src\routes\venues.js:475:26

[2026-04-14T18:44:43.988Z] 500 ERROR: GET /api/venues/bookings/calendar?startDate=2026-03-31T18:30:00.000Z&endDate=2026-04-30T18:30:00.000Z
PrismaClientValidationError: 
Invalid `prisma.venueBooking.findMany()` invocation in
D:\restaurant-management-system\backend\src\routes\venues.js:475:52

  472 // Only show non-cancelled bookings
  473 whereClause.bookingStatus = { not: 'Cancelled' };
  474 
→ 475 const bookings = await prisma.venueBooking.findMany({
        where: {
          bookingDate: {
            gte: new Date("2026-03-31T18:30:00.000Z"),
            lte: new Date("2026-04-30T18:30:00.000Z")
          },
          bookingStatus: {
            not: "Cancelled"
          }
        },
        include: {
          venue: {
            select: {
              id: true,
              name: true
            }
          },
          member: {
            select: {
              id: true,
              fullName: true,
              email: true,
              phone: true
            }
          },
          payments: {
            select: {
              id: true,
              amount: true,
              paymentStatus: true,
              paymentMethod: true,
              receiptUrl: true,
              ~~~~~~~~~~
      ?       bookingId?: true,
      ?       memberId?: true,
      ?       transactionId?: true,
      ?       paymentDate?: true,
      ?       booking?: true,
      ?       member?: true
            }
          }
        },
        orderBy: [
          {
            bookingDate: "asc"
          },
          {
            timeSlot: "asc"
          }
        ]
      })

Unknown field `receiptUrl` for select statement on model `BookingPayment`. Available options are marked with ?.
    at wn (D:\restaurant-management-system\backend\node_modules\@prisma\client\runtime\library.js:29:1363)
    at $n.handleRequestError (D:\restaurant-management-system\backend\node_modules\@prisma\client\runtime\library.js:121:6958)
    at $n.handleAndLogRequestError (D:\restaurant-management-system\backend\node_modules\@prisma\client\runtime\library.js:121:6623)
    at $n.request (D:\restaurant-management-system\backend\node_modules\@prisma\client\runtime\library.js:121:6307)
    at async Array.$allOperations (D:\restaurant-management-system\backend\src\lib\prisma.js:9:32)
    at async l (D:\restaurant-management-system\backend\node_modules\@prisma\client\runtime\library.js:130:9633)
    at async D:\restaurant-management-system\backend\src\routes\venues.js:475:26

[2026-04-14T18:50:45.011Z] 500 ERROR: GET /api/venues/bookings/calendar?startDate=2026-03-31T18:30:00.000Z&endDate=2026-04-30T18:30:00.000Z
PrismaClientValidationError: 
Invalid `prisma.venueBooking.findMany()` invocation in
D:\restaurant-management-system\backend\src\routes\venues.js:475:52

  472 // Only show non-cancelled bookings
  473 whereClause.bookingStatus = { not: 'Cancelled' };
  474 
→ 475 const bookings = await prisma.venueBooking.findMany({
        where: {
          bookingDate: {
            gte: new Date("2026-03-31T18:30:00.000Z"),
            lte: new Date("2026-04-30T18:30:00.000Z")
          },
          bookingStatus: {
            not: "Cancelled"
          }
        },
        include: {
          venue: {
            select: {
              id: true,
              name: true
            }
          },
          member: {
            select: {
              id: true,
              fullName: true,
              email: true,
              phone: true
            }
          },
          payments: {
            select: {
              id: true,
              amount: true,
              paymentStatus: true,
              paymentMethod: true,
              receiptUrl: true,
              ~~~~~~~~~~
      ?       bookingId?: true,
      ?       memberId?: true,
      ?       transactionId?: true,
      ?       paymentDate?: true,
      ?       booking?: true,
      ?       member?: true
            }
          }
        },
        orderBy: [
          {
            bookingDate: "asc"
          },
          {
            timeSlot: "asc"
          }
        ]
      })

Unknown field `receiptUrl` for select statement on model `BookingPayment`. Available options are marked with ?.
    at wn (D:\restaurant-management-system\backend\node_modules\@prisma\client\runtime\library.js:29:1363)
    at $n.handleRequestError (D:\restaurant-management-system\backend\node_modules\@prisma\client\runtime\library.js:121:6958)
    at $n.handleAndLogRequestError (D:\restaurant-management-system\backend\node_modules\@prisma\client\runtime\library.js:121:6623)
    at $n.request (D:\restaurant-management-system\backend\node_modules\@prisma\client\runtime\library.js:121:6307)
    at async Array.$allOperations (D:\restaurant-management-system\backend\src\lib\prisma.js:9:32)
    at async l (D:\restaurant-management-system\backend\node_modules\@prisma\client\runtime\library.js:130:9633)
    at async D:\restaurant-management-system\backend\src\routes\venues.js:475:26

[2026-04-14T19:09:57.833Z] 500 ERROR: GET /api/venues/bookings/calendar?startDate=2026-03-31T18:30:00.000Z&endDate=2026-04-30T18:30:00.000Z
PrismaClientValidationError: 
Invalid `prisma.venueBooking.findMany()` invocation in
D:\restaurant-management-system\backend\src\routes\venues.js:547:52

  544 // Only show non-cancelled bookings
  545 whereClause.bookingStatus = { not: 'Cancelled' };
  546 
→ 547 const bookings = await prisma.venueBooking.findMany({
        where: {
          bookingDate: {
            gte: new Date("2026-03-31T18:30:00.000Z"),
            lte: new Date("2026-04-30T18:30:00.000Z")
          },
          bookingStatus: {
            not: "Cancelled"
          }
        },
        include: {
          venue: {
            select: {
              id: true,
              name: true
            }
          },
          member: {
            select: {
              id: true,
              fullName: true,
              email: true,
              phone: true
            }
          },
          payments: {
            select: {
              id: true,
              amount: true,
              paymentStatus: true,
              paymentMethod: true,
              receiptUrl: true,
              ~~~~~~~~~~
      ?       bookingId?: true,
      ?       memberId?: true,
      ?       transactionId?: true,
      ?       paymentDate?: true,
      ?       booking?: true,
      ?       member?: true
            }
          }
        },
        orderBy: [
          {
            bookingDate: "asc"
          },
          {
            timeSlot: "asc"
          }
        ]
      })

Unknown field `receiptUrl` for select statement on model `BookingPayment`. Available options are marked with ?.
    at wn (D:\restaurant-management-system\backend\node_modules\@prisma\client\runtime\library.js:29:1363)
    at $n.handleRequestError (D:\restaurant-management-system\backend\node_modules\@prisma\client\runtime\library.js:121:6958)
    at $n.handleAndLogRequestError (D:\restaurant-management-system\backend\node_modules\@prisma\client\runtime\library.js:121:6623)
    at $n.request (D:\restaurant-management-system\backend\node_modules\@prisma\client\runtime\library.js:121:6307)
    at async Array.$allOperations (D:\restaurant-management-system\backend\src\lib\prisma.js:9:32)
    at async l (D:\restaurant-management-system\backend\node_modules\@prisma\client\runtime\library.js:130:9633)
    at async D:\restaurant-management-system\backend\src\routes\venues.js:547:26

[2026-04-14T19:17:32.997Z] 500 ERROR: GET /api/venues/bookings/calendar?startDate=2026-03-31T18:30:00.000Z&endDate=2026-04-30T18:30:00.000Z
PrismaClientValidationError: 
Invalid `prisma.venueBooking.findMany()` invocation in
D:\restaurant-management-system\backend\src\routes\venues.js:547:52

  544 // Only show non-cancelled bookings
  545 whereClause.bookingStatus = { not: 'Cancelled' };
  546 
→ 547 const bookings = await prisma.venueBooking.findMany({
        where: {
          bookingDate: {
            gte: new Date("2026-03-31T18:30:00.000Z"),
            lte: new Date("2026-04-30T18:30:00.000Z")
          },
          bookingStatus: {
            not: "Cancelled"
          }
        },
        include: {
          venue: {
            select: {
              id: true,
              name: true
            }
          },
          member: {
            select: {
              id: true,
              fullName: true,
              email: true,
              phone: true
            }
          },
          payments: {
            select: {
              id: true,
              amount: true,
              paymentStatus: true,
              paymentMethod: true,
              receiptUrl: true,
              ~~~~~~~~~~
      ?       bookingId?: true,
      ?       memberId?: true,
      ?       transactionId?: true,
      ?       paymentDate?: true,
      ?       booking?: true,
      ?       member?: true
            }
          }
        },
        orderBy: [
          {
            bookingDate: "asc"
          },
          {
            timeSlot: "asc"
          }
        ]
      })

Unknown field `receiptUrl` for select statement on model `BookingPayment`. Available options are marked with ?.
    at wn (D:\restaurant-management-system\backend\node_modules\@prisma\client\runtime\library.js:29:1363)
    at $n.handleRequestError (D:\restaurant-management-system\backend\node_modules\@prisma\client\runtime\library.js:121:6958)
    at $n.handleAndLogRequestError (D:\restaurant-management-system\backend\node_modules\@prisma\client\runtime\library.js:121:6623)
    at $n.request (D:\restaurant-management-system\backend\node_modules\@prisma\client\runtime\library.js:121:6307)
    at async Array.$allOperations (D:\restaurant-management-system\backend\src\lib\prisma.js:9:32)
    at async l (D:\restaurant-management-system\backend\node_modules\@prisma\client\runtime\library.js:130:9633)
    at async D:\restaurant-management-system\backend\src\routes\venues.js:547:26

[2026-04-14T19:41:01.869Z] 500 ERROR: GET /api/venues/bookings/calendar?startDate=2026-03-31T18:30:00.000Z&endDate=2026-04-30T18:30:00.000Z
PrismaClientValidationError: 
Invalid `prisma.venueBooking.findMany()` invocation in
D:\restaurant-management-system\backend\src\routes\venues.js:410:52

  407     whereClause.venueId = parseInt(venueId);
  408 }
  409 
→ 410 const bookings = await prisma.venueBooking.findMany({
        where: {
          bookingDate: {
            gte: new Date("2026-03-31T18:30:00.000Z"),
            lte: new Date("2026-04-30T18:30:00.000Z")
          },
          bookingStatus: {
            not: "Cancelled"
          }
        },
        include: {
          venue: {
            select: {
              id: true,
              name: true
            }
          },
          member: {
            select: {
              id: true,
              fullName: true,
              email: true,
              phone: true
            }
          },
          payments: {
            select: {
              id: true,
              amount: true,
              paymentStatus: true,
              paymentMethod: true,
              receiptUrl: true,
              ~~~~~~~~~~
      ?       bookingId?: true,
      ?       memberId?: true,
      ?       transactionId?: true,
      ?       paymentDate?: true,
      ?       booking?: true,
      ?       member?: true
            },
            take: 1,
            orderBy: {
              paymentDate: "desc"
            }
          }
        }
      })

Unknown field `receiptUrl` for select statement on model `BookingPayment`. Available options are marked with ?.
    at wn (D:\restaurant-management-system\backend\node_modules\@prisma\client\runtime\library.js:29:1363)
    at $n.handleRequestError (D:\restaurant-management-system\backend\node_modules\@prisma\client\runtime\library.js:121:6958)
    at $n.handleAndLogRequestError (D:\restaurant-management-system\backend\node_modules\@prisma\client\runtime\library.js:121:6623)
    at $n.request (D:\restaurant-management-system\backend\node_modules\@prisma\client\runtime\library.js:121:6307)
    at async Array.$allOperations (D:\restaurant-management-system\backend\src\lib\prisma.js:9:32)
    at async l (D:\restaurant-management-system\backend\node_modules\@prisma\client\runtime\library.js:130:9633)
    at async D:\restaurant-management-system\backend\src\routes\venues.js:410:26

[2026-04-15T06:41:09.847Z] 500 ERROR: GET /api/venues/bookings/calendar?startDate=2026-03-31&endDate=2026-04-29
PrismaClientValidationError: 
Invalid `prisma.venueBooking.findMany()` invocation in
D:\restaurant-management-system\backend\src\routes\venues.js:410:52

  407     whereClause.venueId = parseInt(venueId);
  408 }
  409 
→ 410 const bookings = await prisma.venueBooking.findMany({
        where: {
          bookingDate: {
            gte: new Date("2026-03-31T00:00:00.000Z"),
            lte: new Date("2026-04-29T00:00:00.000Z")
          },
          bookingStatus: {
            not: "Cancelled"
          }
        },
        include: {
          venue: {
            select: {
              id: true,
              name: true
            }
          },
          member: {
            select: {
              id: true,
              fullName: true,
              email: true,
              phone: true
            }
          },
          payments: {
            select: {
              id: true,
              amount: true,
              paymentStatus: true,
              paymentMethod: true,
              receiptUrl: true,
              ~~~~~~~~~~
      ?       bookingId?: true,
      ?       memberId?: true,
      ?       transactionId?: true,
      ?       paymentDate?: true,
      ?       booking?: true,
      ?       member?: true
            },
            take: 1,
            orderBy: {
              paymentDate: "desc"
            }
          }
        }
      })

Unknown field `receiptUrl` for select statement on model `BookingPayment`. Available options are marked with ?.
    at wn (D:\restaurant-management-system\backend\node_modules\@prisma\client\runtime\library.js:29:1363)
    at $n.handleRequestError (D:\restaurant-management-system\backend\node_modules\@prisma\client\runtime\library.js:121:6958)
    at $n.handleAndLogRequestError (D:\restaurant-management-system\backend\node_modules\@prisma\client\runtime\library.js:121:6623)
    at $n.request (D:\restaurant-management-system\backend\node_modules\@prisma\client\runtime\library.js:121:6307)
    at async Array.$allOperations (D:\restaurant-management-system\backend\src\lib\prisma.js:9:32)
    at async l (D:\restaurant-management-system\backend\node_modules\@prisma\client\runtime\library.js:130:9633)
    at async D:\restaurant-management-system\backend\src\routes\venues.js:410:26

[2026-04-15T06:41:18.627Z] 500 ERROR: GET /api/venues/bookings/calendar?startDate=2026-03-31&endDate=2026-04-29
PrismaClientValidationError: 
Invalid `prisma.venueBooking.findMany()` invocation in
D:\restaurant-management-system\backend\src\routes\venues.js:410:52

  407     whereClause.venueId = parseInt(venueId);
  408 }
  409 
→ 410 const bookings = await prisma.venueBooking.findMany({
        where: {
          bookingDate: {
            gte: new Date("2026-03-31T00:00:00.000Z"),
            lte: new Date("2026-04-29T00:00:00.000Z")
          },
          bookingStatus: {
            not: "Cancelled"
          }
        },
        include: {
          venue: {
            select: {
              id: true,
              name: true
            }
          },
          member: {
            select: {
              id: true,
              fullName: true,
              email: true,
              phone: true
            }
          },
          payments: {
            select: {
              id: true,
              amount: true,
              paymentStatus: true,
              paymentMethod: true,
              receiptUrl: true,
              ~~~~~~~~~~
      ?       bookingId?: true,
      ?       memberId?: true,
      ?       transactionId?: true,
      ?       paymentDate?: true,
      ?       booking?: true,
      ?       member?: true
            },
            take: 1,
            orderBy: {
              paymentDate: "desc"
            }
          }
        }
      })

Unknown field `receiptUrl` for select statement on model `BookingPayment`. Available options are marked with ?.
    at wn (D:\restaurant-management-system\backend\node_modules\@prisma\client\runtime\library.js:29:1363)
    at $n.handleRequestError (D:\restaurant-management-system\backend\node_modules\@prisma\client\runtime\library.js:121:6958)
    at $n.handleAndLogRequestError (D:\restaurant-management-system\backend\node_modules\@prisma\client\runtime\library.js:121:6623)
    at $n.request (D:\restaurant-management-system\backend\node_modules\@prisma\client\runtime\library.js:121:6307)
    at async Array.$allOperations (D:\restaurant-management-system\backend\src\lib\prisma.js:9:32)
    at async l (D:\restaurant-management-system\backend\node_modules\@prisma\client\runtime\library.js:130:9633)
    at async D:\restaurant-management-system\backend\src\routes\venues.js:410:26

[2026-04-15T06:42:21.812Z] 500 ERROR: POST /api/venues/bookings
PrismaClientValidationError: 
Invalid `prisma.bookingPayment.create()` invocation in
D:\restaurant-management-system\backend\src\routes\venues.js:202:57

  199 });
  200 
  201 let receiptUrl = req.file ? `/uploads/${req.file.filename}` : null;
→ 202 const payment = await prisma.bookingPayment.create({
        data: {
          bookingId: 3,
          memberId: 10,
          amount: 2000,
          paymentMethod: "Bank Transfer",
          paymentStatus: "Pending Verification",
          paymentDate: new Date("2026-04-15T06:42:21.808Z"),
          receiptUrl: "/uploads/1776235341785-400016993.jpg",
          ~~~~~~~~~~
      ?   id?: Int,
      ?   transactionId?: String | Null
        }
      })

Unknown argument `receiptUrl`. Available options are marked with ?.
    at wn (D:\restaurant-management-system\backend\node_modules\@prisma\client\runtime\library.js:29:1363)
    at $n.handleRequestError (D:\restaurant-management-system\backend\node_modules\@prisma\client\runtime\library.js:121:6958)
    at $n.handleAndLogRequestError (D:\restaurant-management-system\backend\node_modules\@prisma\client\runtime\library.js:121:6623)
    at $n.request (D:\restaurant-management-system\backend\node_modules\@prisma\client\runtime\library.js:121:6307)
    at async Array.$allOperations (D:\restaurant-management-system\backend\src\lib\prisma.js:9:32)
    at async l (D:\restaurant-management-system\backend\node_modules\@prisma\client\runtime\library.js:130:9633)
    at async D:\restaurant-management-system\backend\src\routes\venues.js:202:29
    at async Proxy._transactionWithCallback (D:\restaurant-management-system\backend\node_modules\@prisma\client\runtime\library.js:130:8000)
    at async D:\restaurant-management-system\backend\src\routes\venues.js:189:24

[2026-04-15T11:19:10.995Z] 500 ERROR: POST /api/auth/register
Error: CORS: origin http://localhost:3000 not allowed
    at origin (D:\restaurant-management-system\backend\src\app.js:28:18)
    at D:\restaurant-management-system\backend\node_modules\cors\lib\index.js:219:13
    at optionsCallback (D:\restaurant-management-system\backend\node_modules\cors\lib\index.js:199:9)
    at corsMiddleware (D:\restaurant-management-system\backend\node_modules\cors\lib\index.js:204:7)
    at Layer.handleRequest (D:\restaurant-management-system\backend\node_modules\router\lib\layer.js:152:17)
    at trimPrefix (D:\restaurant-management-system\backend\node_modules\router\index.js:342:13)
    at D:\restaurant-management-system\backend\node_modules\router\index.js:297:9
    at processParams (D:\restaurant-management-system\backend\node_modules\router\index.js:582:12)
    at next (D:\restaurant-management-system\backend\node_modules\router\index.js:291:5)
    at logger (D:\restaurant-management-system\backend\node_modules\morgan\index.js:144:5)

[2026-04-15T11:19:32.070Z] 500 ERROR: OPTIONS /api/auth/login
Error: CORS: origin http://localhost:3000 not allowed
    at origin (D:\restaurant-management-system\backend\src\app.js:28:18)
    at D:\restaurant-management-system\backend\node_modules\cors\lib\index.js:219:13
    at optionsCallback (D:\restaurant-management-system\backend\node_modules\cors\lib\index.js:199:9)
    at corsMiddleware (D:\restaurant-management-system\backend\node_modules\cors\lib\index.js:204:7)
    at Layer.handleRequest (D:\restaurant-management-system\backend\node_modules\router\lib\layer.js:152:17)
    at trimPrefix (D:\restaurant-management-system\backend\node_modules\router\index.js:342:13)
    at D:\restaurant-management-system\backend\node_modules\router\index.js:297:9
    at processParams (D:\restaurant-management-system\backend\node_modules\router\index.js:582:12)
    at next (D:\restaurant-management-system\backend\node_modules\router\index.js:291:5)
    at logger (D:\restaurant-management-system\backend\node_modules\morgan\index.js:144:5)

[2026-04-15T11:19:38.742Z] 500 ERROR: OPTIONS /api/auth/login
Error: CORS: origin http://localhost:3000 not allowed
    at origin (D:\restaurant-management-system\backend\src\app.js:28:18)
    at D:\restaurant-management-system\backend\node_modules\cors\lib\index.js:219:13
    at optionsCallback (D:\restaurant-management-system\backend\node_modules\cors\lib\index.js:199:9)
    at corsMiddleware (D:\restaurant-management-system\backend\node_modules\cors\lib\index.js:204:7)
    at Layer.handleRequest (D:\restaurant-management-system\backend\node_modules\router\lib\layer.js:152:17)
    at trimPrefix (D:\restaurant-management-system\backend\node_modules\router\index.js:342:13)
    at D:\restaurant-management-system\backend\node_modules\router\index.js:297:9
    at processParams (D:\restaurant-management-system\backend\node_modules\router\index.js:582:12)
    at next (D:\restaurant-management-system\backend\node_modules\router\index.js:291:5)
    at logger (D:\restaurant-management-system\backend\node_modules\morgan\index.js:144:5)

[2026-04-15T11:21:49.446Z] 500 ERROR: OPTIONS /api/auth/login
Error: CORS: origin http://localhost:3000 not allowed
    at origin (D:\restaurant-management-system\backend\src\app.js:28:18)
    at D:\restaurant-management-system\backend\node_modules\cors\lib\index.js:219:13
    at optionsCallback (D:\restaurant-management-system\backend\node_modules\cors\lib\index.js:199:9)
    at corsMiddleware (D:\restaurant-management-system\backend\node_modules\cors\lib\index.js:204:7)
    at Layer.handleRequest (D:\restaurant-management-system\backend\node_modules\router\lib\layer.js:152:17)
    at trimPrefix (D:\restaurant-management-system\backend\node_modules\router\index.js:342:13)
    at D:\restaurant-management-system\backend\node_modules\router\index.js:297:9
    at processParams (D:\restaurant-management-system\backend\node_modules\router\index.js:582:12)
    at next (D:\restaurant-management-system\backend\node_modules\router\index.js:291:5)
    at logger (D:\restaurant-management-system\backend\node_modules\morgan\index.js:144:5)

[2026-04-15T11:27:44.437Z] 500 ERROR: POST /api/auth/login
Error: CORS: origin http://localhost:3000 not allowed
    at origin (D:\restaurant-management-system\backend\src\app.js:28:18)
    at D:\restaurant-management-system\backend\node_modules\cors\lib\index.js:219:13
    at optionsCallback (D:\restaurant-management-system\backend\node_modules\cors\lib\index.js:199:9)
    at corsMiddleware (D:\restaurant-management-system\backend\node_modules\cors\lib\index.js:204:7)
    at Layer.handleRequest (D:\restaurant-management-system\backend\node_modules\router\lib\layer.js:152:17)
    at trimPrefix (D:\restaurant-management-system\backend\node_modules\router\index.js:342:13)
    at D:\restaurant-management-system\backend\node_modules\router\index.js:297:9
    at processParams (D:\restaurant-management-system\backend\node_modules\router\index.js:582:12)
    at next (D:\restaurant-management-system\backend\node_modules\router\index.js:291:5)
    at logger (D:\restaurant-management-system\backend\node_modules\morgan\index.js:144:5)

[2026-04-15T11:31:50.593Z] 500 ERROR: POST /api/auth/login
Error: CORS: origin http://localhost:3001 not allowed
    at origin (D:\restaurant-management-system\backend\src\app.js:28:18)
    at D:\restaurant-management-system\backend\node_modules\cors\lib\index.js:219:13
    at optionsCallback (D:\restaurant-management-system\backend\node_modules\cors\lib\index.js:199:9)
    at corsMiddleware (D:\restaurant-management-system\backend\node_modules\cors\lib\index.js:204:7)
    at Layer.handleRequest (D:\restaurant-management-system\backend\node_modules\router\lib\layer.js:152:17)
    at trimPrefix (D:\restaurant-management-system\backend\node_modules\router\index.js:342:13)
    at D:\restaurant-management-system\backend\node_modules\router\index.js:297:9
    at processParams (D:\restaurant-management-system\backend\node_modules\router\index.js:582:12)
    at next (D:\restaurant-management-system\backend\node_modules\router\index.js:291:5)
    at logger (D:\restaurant-management-system\backend\node_modules\morgan\index.js:144:5)

[2026-04-16T02:30:47.863Z] 500 ERROR: POST /api/orders
PrismaClientValidationError: 
Invalid `tx.order.create()` invocation in
D:\restaurant-management-system\backend\src\routes\orders.js:183:45

  180 
  181 // Create order with transactions
  182 const order = await prisma.$transaction(async (tx) => {
→ 183     const newOrder = await tx.order.create({
            data: {
              memberId: 2,
              orderType: "Dine-in",
              subtotalAmount: 1600,
              ~~~~~~~~~~~~~~
              serviceFee: 160,
              totalAmount: 1760,
              orderStatus: "Pending",
              orderItems: {
                create: [
                  {
                    menuItemId: 1,
                    quantity: 1,
                    unitPrice: new Prisma.Decimal("1600")
                  }
                ]
              },
          ?   id?: Int,
          ?   restaurantTableId?: Int | Null,
          ?   orderDate?: DateTime,
          ?   specialInstructions?: String | Null,
          ?   payments?: OrderPaymentUncheckedCreateNestedManyWithoutOrderInput
            },
            include: {
              orderItems: {
                include: {
                  menuItem: true
                }
              }
            }
          })

Unknown argument `subtotalAmount`. Did you mean `totalAmount`? Available options are marked with ?.
    at wn (D:\restaurant-management-system\backend\node_modules\@prisma\client\runtime\library.js:29:1363)
    at $n.handleRequestError (D:\restaurant-management-system\backend\node_modules\@prisma\client\runtime\library.js:121:6958)
    at $n.handleAndLogRequestError (D:\restaurant-management-system\backend\node_modules\@prisma\client\runtime\library.js:121:6623)
    at $n.request (D:\restaurant-management-system\backend\node_modules\@prisma\client\runtime\library.js:121:6307)
    at async Array.$allOperations (D:\restaurant-management-system\backend\src\lib\prisma.js:9:32)
    at async l (D:\restaurant-management-system\backend\node_modules\@prisma\client\runtime\library.js:130:9633)
    at async D:\restaurant-management-system\backend\src\routes\orders.js:183:30
    at async Proxy._transactionWithCallback (D:\restaurant-management-system\backend\node_modules\@prisma\client\runtime\library.js:130:8000)
    at async D:\restaurant-management-system\backend\src\routes\orders.js:182:23

[2026-04-16T02:40:34.635Z] 500 ERROR: POST /api/orders
PrismaClientValidationError: 
Invalid `tx.order.create()` invocation in
D:\restaurant-management-system\backend\src\routes\orders.js:183:45

  180 
  181 // Create order with transactions
  182 const order = await prisma.$transaction(async (tx) => {
→ 183     const newOrder = await tx.order.create({
            data: {
              memberId: 2,
              orderType: "Dine-in",
              subtotalAmount: 1600,
              ~~~~~~~~~~~~~~
              serviceFee: 160,
              totalAmount: 1760,
              orderStatus: "Pending",
              orderItems: {
                create: [
                  {
                    menuItemId: 1,
                    quantity: 1,
                    unitPrice: new Prisma.Decimal("1600")
                  }
                ]
              },
          ?   id?: Int,
          ?   restaurantTableId?: Int | Null,
          ?   orderDate?: DateTime,
          ?   specialInstructions?: String | Null,
          ?   payments?: OrderPaymentUncheckedCreateNestedManyWithoutOrderInput
            },
            include: {
              orderItems: {
                include: {
                  menuItem: true
                }
              }
            }
          })

Unknown argument `subtotalAmount`. Did you mean `totalAmount`? Available options are marked with ?.
    at wn (D:\restaurant-management-system\backend\node_modules\@prisma\client\runtime\library.js:29:1363)
    at $n.handleRequestError (D:\restaurant-management-system\backend\node_modules\@prisma\client\runtime\library.js:121:6958)
    at $n.handleAndLogRequestError (D:\restaurant-management-system\backend\node_modules\@prisma\client\runtime\library.js:121:6623)
    at $n.request (D:\restaurant-management-system\backend\node_modules\@prisma\client\runtime\library.js:121:6307)
    at async Array.$allOperations (D:\restaurant-management-system\backend\src\lib\prisma.js:9:32)
    at async l (D:\restaurant-management-system\backend\node_modules\@prisma\client\runtime\library.js:130:9633)
    at async D:\restaurant-management-system\backend\src\routes\orders.js:183:30
    at async Proxy._transactionWithCallback (D:\restaurant-management-system\backend\node_modules\@prisma\client\runtime\library.js:130:8000)
    at async D:\restaurant-management-system\backend\src\routes\orders.js:182:23

[2026-04-16T02:54:07.388Z] 500 ERROR: POST /api/orders
PrismaClientValidationError: 
Invalid `tx.order.create()` invocation in
D:\restaurant-management-system\backend\src\routes\orders.js:183:45

  180 
  181 // Create order with transactions
  182 const order = await prisma.$transaction(async (tx) => {
→ 183     const newOrder = await tx.order.create({
            data: {
              memberId: 2,
              orderType: "Dine-in",
              subtotalAmount: 1600,
              ~~~~~~~~~~~~~~
              serviceFee: 160,
              totalAmount: 1760,
              orderStatus: "Pending",
              orderItems: {
                create: [
                  {
                    menuItemId: 1,
                    quantity: 1,
                    unitPrice: new Prisma.Decimal("1600")
                  }
                ]
              },
          ?   id?: Int,
          ?   restaurantTableId?: Int | Null,
          ?   orderDate?: DateTime,
          ?   specialInstructions?: String | Null,
          ?   payments?: OrderPaymentUncheckedCreateNestedManyWithoutOrderInput
            },
            include: {
              orderItems: {
                include: {
                  menuItem: true
                }
              }
            }
          })

Unknown argument `subtotalAmount`. Did you mean `totalAmount`? Available options are marked with ?.
    at wn (D:\restaurant-management-system\backend\node_modules\@prisma\client\runtime\library.js:29:1363)
    at $n.handleRequestError (D:\restaurant-management-system\backend\node_modules\@prisma\client\runtime\library.js:121:6958)
    at $n.handleAndLogRequestError (D:\restaurant-management-system\backend\node_modules\@prisma\client\runtime\library.js:121:6623)
    at $n.request (D:\restaurant-management-system\backend\node_modules\@prisma\client\runtime\library.js:121:6307)
    at async Array.$allOperations (D:\restaurant-management-system\backend\src\lib\prisma.js:9:32)
    at async l (D:\restaurant-management-system\backend\node_modules\@prisma\client\runtime\library.js:130:9633)
    at async D:\restaurant-management-system\backend\src\routes\orders.js:183:30
    at async Proxy._transactionWithCallback (D:\restaurant-management-system\backend\node_modules\@prisma\client\runtime\library.js:130:8000)
    at async D:\restaurant-management-system\backend\src\routes\orders.js:182:23

[2026-04-16T08:33:12.231Z] 500 ERROR: PUT /api/menu/2
TypeError: Cannot read properties of undefined (reading 'map')
    at D:\restaurant-management-system\backend\src\middleware\validate.js:27:43
    at Layer.handleRequest (D:\restaurant-management-system\backend\node_modules\router\lib\layer.js:152:17)
    at next (D:\restaurant-management-system\backend\node_modules\router\lib\route.js:157:13)
    at multerMiddleware (D:\restaurant-management-system\backend\node_modules\multer\lib\make-middleware.js:19:41)
    at Layer.handleRequest (D:\restaurant-management-system\backend\node_modules\router\lib\layer.js:152:17)
    at next (D:\restaurant-management-system\backend\node_modules\router\lib\route.js:157:13)
    at D:\restaurant-management-system\backend\src\middleware\auth.js:64:9
    at Layer.handleRequest (D:\restaurant-management-system\backend\node_modules\router\lib\layer.js:152:17)
    at next (D:\restaurant-management-system\backend\node_modules\router\lib\route.js:157:13)
    at authenticate (D:\restaurant-management-system\backend\src\middleware\auth.js:42:9)

[2026-04-19T11:33:37.002Z] 500 ERROR: POST /api/venues/bookings
ZodError: [
  {
    "origin": "string",
    "code": "invalid_format",
    "format": "datetime",
    "pattern": "/^(?:(?:\\d\\d[2468][048]|\\d\\d[13579][26]|\\d\\d0[48]|[02468][048]00|[13579][26]00)-02-29|\\d{4}-(?:(?:0[13578]|1[02])-(?:0[1-9]|[12]\\d|3[01])|(?:0[469]|11)-(?:0[1-9]|[12]\\d|30)|(?:02)-(?:0[1-9]|1\\d|2[0-8])))T(?:(?:[01]\\d|2[0-3]):[0-5]\\d(?::[0-5]\\d(?:\\.\\d+)?)?(?:Z))$/",
    "path": [
      "bookingDate"
    ],
    "message": "Invalid date format"
  }
]
    at parse (D:\restaurant-management-system\backend\src\routes\venues.js:394:23)
    at Layer.handleRequest (D:\restaurant-management-system\backend\node_modules\router\lib\layer.js:152:17)
    at next (D:\restaurant-management-system\backend\node_modules\router\lib\route.js:157:13)
    at done (D:\restaurant-management-system\backend\node_modules\multer\lib\make-middleware.js:59:7)
    at indicateDone (D:\restaurant-management-system\backend\node_modules\multer\lib\make-middleware.js:63:68)
    at Multipart.<anonymous> (D:\restaurant-management-system\backend\node_modules\multer\lib\make-middleware.js:187:7)
    at Multipart.emit (node:events:518:28)
    at emitCloseNT (node:internal/streams/destroy:148:10)
    at processTicksAndRejections (node:internal/process/task_queues:89:21)

[2026-04-19T11:33:37.072Z] 500 ERROR: POST /api/venues/bookings
ZodError: [
  {
    "origin": "string",
    "code": "invalid_format",
    "format": "datetime",
    "pattern": "/^(?:(?:\\d\\d[2468][048]|\\d\\d[13579][26]|\\d\\d0[48]|[02468][048]00|[13579][26]00)-02-29|\\d{4}-(?:(?:0[13578]|1[02])-(?:0[1-9]|[12]\\d|3[01])|(?:0[469]|11)-(?:0[1-9]|[12]\\d|30)|(?:02)-(?:0[1-9]|1\\d|2[0-8])))T(?:(?:[01]\\d|2[0-3]):[0-5]\\d(?::[0-5]\\d(?:\\.\\d+)?)?(?:Z))$/",
    "path": [
      "bookingDate"
    ],
    "message": "Invalid date format"
  }
]
    at parse (D:\restaurant-management-system\backend\src\routes\venues.js:394:23)
    at Layer.handleRequest (D:\restaurant-management-system\backend\node_modules\router\lib\layer.js:152:17)
    at next (D:\restaurant-management-system\backend\node_modules\router\lib\route.js:157:13)
    at done (D:\restaurant-management-system\backend\node_modules\multer\lib\make-middleware.js:59:7)
    at indicateDone (D:\restaurant-management-system\backend\node_modules\multer\lib\make-middleware.js:63:68)
    at Multipart.<anonymous> (D:\restaurant-management-system\backend\node_modules\multer\lib\make-middleware.js:187:7)
    at Multipart.emit (node:events:518:28)
    at emitCloseNT (node:internal/streams/destroy:148:10)
    at processTicksAndRejections (node:internal/process/task_queues:89:21)

[2026-04-19T11:33:37.136Z] 500 ERROR: PUT /api/venues/bookings/undefined/cancel
PrismaClientValidationError: 
Invalid `prisma.venueBooking.findUnique()` invocation in
D:\restaurant-management-system\backend\src\routes\venues.js:501:51

  498 const memberId = req.user.id;
  499 const { reason } = req.body;
  500 
→ 501 const booking = await prisma.venueBooking.findUnique({
        where: {
      +   id: Int
        },
        include: {
          venue: true
        }
      })

Argument `id` is missing.
    at wn (D:\restaurant-management-system\backend\node_modules\@prisma\client\runtime\library.js:29:1363)
    at $n.handleRequestError (D:\restaurant-management-system\backend\node_modules\@prisma\client\runtime\library.js:121:6958)
    at $n.handleAndLogRequestError (D:\restaurant-management-system\backend\node_modules\@prisma\client\runtime\library.js:121:6623)
    at $n.request (D:\restaurant-management-system\backend\node_modules\@prisma\client\runtime\library.js:121:6307)
    at Array.$allOperations (D:\restaurant-management-system\backend\src\lib\prisma.js:17:32)
    at l (D:\restaurant-management-system\backend\node_modules\@prisma\client\runtime\library.js:130:9633)
    at D:\restaurant-management-system\backend\src\routes\venues.js:501:25

[2026-04-19T11:33:49.698Z] 500 ERROR: POST /api/deliveries
PrismaClientValidationError: 
Invalid `tx.delivery.create()` invocation in
D:\restaurant-management-system\backend\src\routes\deliveries.js:133:51

  130 
  131 // Create Delivery in Transaction
  132 const delivery = await prisma.$transaction(async (tx) => {
→ 133     const newDelivery = await tx.delivery.create({
            data: {
              supplierId: 99801,
              deliveryDate: new Date("2026-04-19T11:33:49.676Z"),
              deliveryStatus: "On-Process",
              deliveryItems: {
                create: [
                  {
                    productId: 99701,
                    quantity: 50
                  }
                ]
              }
            },
            include: {
              deliveryItems: {
                include: {
                  product: true
                }
              },
              supplier: true
            }
          })

Argument `unitPrice` is missing.
    at wn (D:\restaurant-management-system\backend\node_modules\@prisma\client\runtime\library.js:29:1363)
    at $n.handleRequestError (D:\restaurant-management-system\backend\node_modules\@prisma\client\runtime\library.js:121:6958)
    at $n.handleAndLogRequestError (D:\restaurant-management-system\backend\node_modules\@prisma\client\runtime\library.js:121:6623)
    at $n.request (D:\restaurant-management-system\backend\node_modules\@prisma\client\runtime\library.js:121:6307)
    at Array.$allOperations (D:\restaurant-management-system\backend\src\lib\prisma.js:17:32)
    at l (D:\restaurant-management-system\backend\node_modules\@prisma\client\runtime\library.js:130:9633)
    at D:\restaurant-management-system\backend\src\routes\deliveries.js:133:33
    at Proxy._transactionWithCallback (D:\restaurant-management-system\backend\node_modules\@prisma\client\runtime\library.js:130:8000)
    at D:\restaurant-management-system\backend\src\routes\deliveries.js:132:26

[2026-04-19T11:33:49.765Z] 500 ERROR: PUT /api/deliveries/undefined/status
PrismaClientValidationError: 
Invalid `prisma.delivery.findUnique()` invocation in
D:\restaurant-management-system\backend\src\routes\deliveries.js:173:55

  170 const deliveryId = parseInt(id)
  171 
  172 // 1. Check if delivery exists and its current status
→ 173 const currentDelivery = await prisma.delivery.findUnique({
        where: {
      +   id: Int
        },
        include: {
          deliveryItems: true
        }
      })

Argument `id` is missing.
    at wn (D:\restaurant-management-system\backend\node_modules\@prisma\client\runtime\library.js:29:1363)
    at $n.handleRequestError (D:\restaurant-management-system\backend\node_modules\@prisma\client\runtime\library.js:121:6958)
    at $n.handleAndLogRequestError (D:\restaurant-management-system\backend\node_modules\@prisma\client\runtime\library.js:121:6623)
    at $n.request (D:\restaurant-management-system\backend\node_modules\@prisma\client\runtime\library.js:121:6307)
    at Array.$allOperations (D:\restaurant-management-system\backend\src\lib\prisma.js:17:32)
    at l (D:\restaurant-management-system\backend\node_modules\@prisma\client\runtime\library.js:130:9633)
    at D:\restaurant-management-system\backend\src\routes\deliveries.js:173:33

[2026-04-19T11:36:28.929Z] 500 ERROR: POST /api/venues/bookings
ZodError: [
  {
    "origin": "string",
    "code": "invalid_format",
    "format": "datetime",
    "pattern": "/^(?:(?:\\d\\d[2468][048]|\\d\\d[13579][26]|\\d\\d0[48]|[02468][048]00|[13579][26]00)-02-29|\\d{4}-(?:(?:0[13578]|1[02])-(?:0[1-9]|[12]\\d|3[01])|(?:0[469]|11)-(?:0[1-9]|[12]\\d|30)|(?:02)-(?:0[1-9]|1\\d|2[0-8])))T(?:(?:[01]\\d|2[0-3]):[0-5]\\d(?::[0-5]\\d(?:\\.\\d+)?)?(?:Z))$/",
    "path": [
      "bookingDate"
    ],
    "message": "Invalid date format"
  }
]
    at parse (D:\restaurant-management-system\backend\src\routes\venues.js:394:23)
    at Layer.handleRequest (D:\restaurant-management-system\backend\node_modules\router\lib\layer.js:152:17)
    at next (D:\restaurant-management-system\backend\node_modules\router\lib\route.js:157:13)
    at done (D:\restaurant-management-system\backend\node_modules\multer\lib\make-middleware.js:59:7)
    at indicateDone (D:\restaurant-management-system\backend\node_modules\multer\lib\make-middleware.js:63:68)
    at Multipart.<anonymous> (D:\restaurant-management-system\backend\node_modules\multer\lib\make-middleware.js:187:7)
    at Multipart.emit (node:events:518:28)
    at emitCloseNT (node:internal/streams/destroy:148:10)
    at processTicksAndRejections (node:internal/process/task_queues:89:21)

[2026-04-19T11:36:29.005Z] 500 ERROR: POST /api/venues/bookings
ZodError: [
  {
    "origin": "string",
    "code": "invalid_format",
    "format": "datetime",
    "pattern": "/^(?:(?:\\d\\d[2468][048]|\\d\\d[13579][26]|\\d\\d0[48]|[02468][048]00|[13579][26]00)-02-29|\\d{4}-(?:(?:0[13578]|1[02])-(?:0[1-9]|[12]\\d|3[01])|(?:0[469]|11)-(?:0[1-9]|[12]\\d|30)|(?:02)-(?:0[1-9]|1\\d|2[0-8])))T(?:(?:[01]\\d|2[0-3]):[0-5]\\d(?::[0-5]\\d(?:\\.\\d+)?)?(?:Z))$/",
    "path": [
      "bookingDate"
    ],
    "message": "Invalid date format"
  }
]
    at parse (D:\restaurant-management-system\backend\src\routes\venues.js:394:23)
    at Layer.handleRequest (D:\restaurant-management-system\backend\node_modules\router\lib\layer.js:152:17)
    at next (D:\restaurant-management-system\backend\node_modules\router\lib\route.js:157:13)
    at done (D:\restaurant-management-system\backend\node_modules\multer\lib\make-middleware.js:59:7)
    at indicateDone (D:\restaurant-management-system\backend\node_modules\multer\lib\make-middleware.js:63:68)
    at Multipart.<anonymous> (D:\restaurant-management-system\backend\node_modules\multer\lib\make-middleware.js:187:7)
    at Multipart.emit (node:events:518:28)
    at emitCloseNT (node:internal/streams/destroy:148:10)
    at processTicksAndRejections (node:internal/process/task_queues:89:21)

[2026-04-19T11:36:29.076Z] 500 ERROR: PUT /api/venues/bookings/undefined/cancel
PrismaClientValidationError: 
Invalid `prisma.venueBooking.findUnique()` invocation in
D:\restaurant-management-system\backend\src\routes\venues.js:501:51

  498 const memberId = req.user.id;
  499 const { reason } = req.body;
  500 
→ 501 const booking = await prisma.venueBooking.findUnique({
        where: {
      +   id: Int
        },
        include: {
          venue: true
        }
      })

Argument `id` is missing.
    at wn (D:\restaurant-management-system\backend\node_modules\@prisma\client\runtime\library.js:29:1363)
    at $n.handleRequestError (D:\restaurant-management-system\backend\node_modules\@prisma\client\runtime\library.js:121:6958)
    at $n.handleAndLogRequestError (D:\restaurant-management-system\backend\node_modules\@prisma\client\runtime\library.js:121:6623)
    at $n.request (D:\restaurant-management-system\backend\node_modules\@prisma\client\runtime\library.js:121:6307)
    at Array.$allOperations (D:\restaurant-management-system\backend\src\lib\prisma.js:17:32)
    at l (D:\restaurant-management-system\backend\node_modules\@prisma\client\runtime\library.js:130:9633)
    at D:\restaurant-management-system\backend\src\routes\venues.js:501:25

[2026-04-19T11:36:34.947Z] 500 ERROR: POST /api/deliveries
PrismaClientValidationError: 
Invalid `tx.delivery.create()` invocation in
D:\restaurant-management-system\backend\src\routes\deliveries.js:133:51

  130 
  131 // Create Delivery in Transaction
  132 const delivery = await prisma.$transaction(async (tx) => {
→ 133     const newDelivery = await tx.delivery.create({
            data: {
              supplierId: 99801,
              deliveryDate: new Date("2026-04-19T11:36:34.930Z"),
              deliveryStatus: "On-Process",
              deliveryItems: {
                create: [
                  {
                    productId: 99701,
                    quantity: 50
                  }
                ]
              }
            },
            include: {
              deliveryItems: {
                include: {
                  product: true
                }
              },
              supplier: true
            }
          })

Argument `unitPrice` is missing.
    at wn (D:\restaurant-management-system\backend\node_modules\@prisma\client\runtime\library.js:29:1363)
    at $n.handleRequestError (D:\restaurant-management-system\backend\node_modules\@prisma\client\runtime\library.js:121:6958)
    at $n.handleAndLogRequestError (D:\restaurant-management-system\backend\node_modules\@prisma\client\runtime\library.js:121:6623)
    at $n.request (D:\restaurant-management-system\backend\node_modules\@prisma\client\runtime\library.js:121:6307)
    at Array.$allOperations (D:\restaurant-management-system\backend\src\lib\prisma.js:17:32)
    at l (D:\restaurant-management-system\backend\node_modules\@prisma\client\runtime\library.js:130:9633)
    at D:\restaurant-management-system\backend\src\routes\deliveries.js:133:33
    at Proxy._transactionWithCallback (D:\restaurant-management-system\backend\node_modules\@prisma\client\runtime\library.js:130:8000)
    at D:\restaurant-management-system\backend\src\routes\deliveries.js:132:26

[2026-04-19T11:36:35.017Z] 500 ERROR: PUT /api/deliveries/undefined/status
PrismaClientValidationError: 
Invalid `prisma.delivery.findUnique()` invocation in
D:\restaurant-management-system\backend\src\routes\deliveries.js:173:55

  170 const deliveryId = parseInt(id)
  171 
  172 // 1. Check if delivery exists and its current status
→ 173 const currentDelivery = await prisma.delivery.findUnique({
        where: {
      +   id: Int
        },
        include: {
          deliveryItems: true
        }
      })

Argument `id` is missing.
    at wn (D:\restaurant-management-system\backend\node_modules\@prisma\client\runtime\library.js:29:1363)
    at $n.handleRequestError (D:\restaurant-management-system\backend\node_modules\@prisma\client\runtime\library.js:121:6958)
    at $n.handleAndLogRequestError (D:\restaurant-management-system\backend\node_modules\@prisma\client\runtime\library.js:121:6623)
    at $n.request (D:\restaurant-management-system\backend\node_modules\@prisma\client\runtime\library.js:121:6307)
    at Array.$allOperations (D:\restaurant-management-system\backend\src\lib\prisma.js:17:32)
    at l (D:\restaurant-management-system\backend\node_modules\@prisma\client\runtime\library.js:130:9633)
    at D:\restaurant-management-system\backend\src\routes\deliveries.js:173:33

[2026-04-19T11:37:32.513Z] 500 ERROR: POST /api/venues/bookings
ZodError: [
  {
    "origin": "string",
    "code": "invalid_format",
    "format": "datetime",
    "pattern": "/^(?:(?:\\d\\d[2468][048]|\\d\\d[13579][26]|\\d\\d0[48]|[02468][048]00|[13579][26]00)-02-29|\\d{4}-(?:(?:0[13578]|1[02])-(?:0[1-9]|[12]\\d|3[01])|(?:0[469]|11)-(?:0[1-9]|[12]\\d|30)|(?:02)-(?:0[1-9]|1\\d|2[0-8])))T(?:(?:[01]\\d|2[0-3]):[0-5]\\d(?::[0-5]\\d(?:\\.\\d+)?)?(?:Z))$/",
    "path": [
      "bookingDate"
    ],
    "message": "Invalid date format"
  }
]
    at parse (D:\restaurant-management-system\backend\src\routes\venues.js:394:23)
    at Layer.handleRequest (D:\restaurant-management-system\backend\node_modules\router\lib\layer.js:152:17)
    at next (D:\restaurant-management-system\backend\node_modules\router\lib\route.js:157:13)
    at done (D:\restaurant-management-system\backend\node_modules\multer\lib\make-middleware.js:59:7)
    at indicateDone (D:\restaurant-management-system\backend\node_modules\multer\lib\make-middleware.js:63:68)
    at Multipart.<anonymous> (D:\restaurant-management-system\backend\node_modules\multer\lib\make-middleware.js:187:7)
    at Multipart.emit (node:events:518:28)
    at emitCloseNT (node:internal/streams/destroy:148:10)
    at processTicksAndRejections (node:internal/process/task_queues:89:21)

[2026-04-19T11:37:32.583Z] 500 ERROR: POST /api/venues/bookings
ZodError: [
  {
    "origin": "string",
    "code": "invalid_format",
    "format": "datetime",
    "pattern": "/^(?:(?:\\d\\d[2468][048]|\\d\\d[13579][26]|\\d\\d0[48]|[02468][048]00|[13579][26]00)-02-29|\\d{4}-(?:(?:0[13578]|1[02])-(?:0[1-9]|[12]\\d|3[01])|(?:0[469]|11)-(?:0[1-9]|[12]\\d|30)|(?:02)-(?:0[1-9]|1\\d|2[0-8])))T(?:(?:[01]\\d|2[0-3]):[0-5]\\d(?::[0-5]\\d(?:\\.\\d+)?)?(?:Z))$/",
    "path": [
      "bookingDate"
    ],
    "message": "Invalid date format"
  }
]
    at parse (D:\restaurant-management-system\backend\src\routes\venues.js:394:23)
    at Layer.handleRequest (D:\restaurant-management-system\backend\node_modules\router\lib\layer.js:152:17)
    at next (D:\restaurant-management-system\backend\node_modules\router\lib\route.js:157:13)
    at done (D:\restaurant-management-system\backend\node_modules\multer\lib\make-middleware.js:59:7)
    at indicateDone (D:\restaurant-management-system\backend\node_modules\multer\lib\make-middleware.js:63:68)
    at Multipart.<anonymous> (D:\restaurant-management-system\backend\node_modules\multer\lib\make-middleware.js:187:7)
    at Multipart.emit (node:events:518:28)
    at emitCloseNT (node:internal/streams/destroy:148:10)
    at processTicksAndRejections (node:internal/process/task_queues:89:21)

[2026-04-19T11:37:32.647Z] 500 ERROR: PUT /api/venues/bookings/undefined/cancel
PrismaClientValidationError: 
Invalid `prisma.venueBooking.findUnique()` invocation in
D:\restaurant-management-system\backend\src\routes\venues.js:501:51

  498 const memberId = req.user.id;
  499 const { reason } = req.body;
  500 
→ 501 const booking = await prisma.venueBooking.findUnique({
        where: {
      +   id: Int
        },
        include: {
          venue: true
        }
      })

Argument `id` is missing.
    at wn (D:\restaurant-management-system\backend\node_modules\@prisma\client\runtime\library.js:29:1363)
    at $n.handleRequestError (D:\restaurant-management-system\backend\node_modules\@prisma\client\runtime\library.js:121:6958)
    at $n.handleAndLogRequestError (D:\restaurant-management-system\backend\node_modules\@prisma\client\runtime\library.js:121:6623)
    at $n.request (D:\restaurant-management-system\backend\node_modules\@prisma\client\runtime\library.js:121:6307)
    at Array.$allOperations (D:\restaurant-management-system\backend\src\lib\prisma.js:17:32)
    at l (D:\restaurant-management-system\backend\node_modules\@prisma\client\runtime\library.js:130:9633)
    at D:\restaurant-management-system\backend\src\routes\venues.js:501:25

[2026-04-19T11:37:35.999Z] 500 ERROR: POST /api/deliveries
PrismaClientValidationError: 
Invalid `tx.delivery.create()` invocation in
D:\restaurant-management-system\backend\src\routes\deliveries.js:133:51

  130 
  131 // Create Delivery in Transaction
  132 const delivery = await prisma.$transaction(async (tx) => {
→ 133     const newDelivery = await tx.delivery.create({
            data: {
              supplierId: 99801,
              deliveryDate: new Date("2026-04-19T11:37:35.983Z"),
              deliveryStatus: "On-Process",
              deliveryItems: {
                create: [
                  {
                    productId: 99701,
                    quantity: 50
                  }
                ]
              }
            },
            include: {
              deliveryItems: {
                include: {
                  product: true
                }
              },
              supplier: true
            }
          })

Argument `unitPrice` is missing.
    at wn (D:\restaurant-management-system\backend\node_modules\@prisma\client\runtime\library.js:29:1363)
    at $n.handleRequestError (D:\restaurant-management-system\backend\node_modules\@prisma\client\runtime\library.js:121:6958)
    at $n.handleAndLogRequestError (D:\restaurant-management-system\backend\node_modules\@prisma\client\runtime\library.js:121:6623)
    at $n.request (D:\restaurant-management-system\backend\node_modules\@prisma\client\runtime\library.js:121:6307)
    at Array.$allOperations (D:\restaurant-management-system\backend\src\lib\prisma.js:17:32)
    at l (D:\restaurant-management-system\backend\node_modules\@prisma\client\runtime\library.js:130:9633)
    at D:\restaurant-management-system\backend\src\routes\deliveries.js:133:33
    at Proxy._transactionWithCallback (D:\restaurant-management-system\backend\node_modules\@prisma\client\runtime\library.js:130:8000)
    at D:\restaurant-management-system\backend\src\routes\deliveries.js:132:26

[2026-04-19T11:37:36.065Z] 500 ERROR: PUT /api/deliveries/undefined/status
PrismaClientValidationError: 
Invalid `prisma.delivery.findUnique()` invocation in
D:\restaurant-management-system\backend\src\routes\deliveries.js:173:55

  170 const deliveryId = parseInt(id)
  171 
  172 // 1. Check if delivery exists and its current status
→ 173 const currentDelivery = await prisma.delivery.findUnique({
        where: {
      +   id: Int
        },
        include: {
          deliveryItems: true
        }
      })

Argument `id` is missing.
    at wn (D:\restaurant-management-system\backend\node_modules\@prisma\client\runtime\library.js:29:1363)
    at $n.handleRequestError (D:\restaurant-management-system\backend\node_modules\@prisma\client\runtime\library.js:121:6958)
    at $n.handleAndLogRequestError (D:\restaurant-management-system\backend\node_modules\@prisma\client\runtime\library.js:121:6623)
    at $n.request (D:\restaurant-management-system\backend\node_modules\@prisma\client\runtime\library.js:121:6307)
    at Array.$allOperations (D:\restaurant-management-system\backend\src\lib\prisma.js:17:32)
    at l (D:\restaurant-management-system\backend\node_modules\@prisma\client\runtime\library.js:130:9633)
    at D:\restaurant-management-system\backend\src\routes\deliveries.js:173:33

[2026-04-19T11:38:54.105Z] 500 ERROR: POST /api/venues/bookings
ZodError: [
  {
    "origin": "string",
    "code": "invalid_format",
    "format": "datetime",
    "pattern": "/^(?:(?:\\d\\d[2468][048]|\\d\\d[13579][26]|\\d\\d0[48]|[02468][048]00|[13579][26]00)-02-29|\\d{4}-(?:(?:0[13578]|1[02])-(?:0[1-9]|[12]\\d|3[01])|(?:0[469]|11)-(?:0[1-9]|[12]\\d|30)|(?:02)-(?:0[1-9]|1\\d|2[0-8])))T(?:(?:[01]\\d|2[0-3]):[0-5]\\d(?::[0-5]\\d(?:\\.\\d+)?)?(?:Z))$/",
    "path": [
      "bookingDate"
    ],
    "message": "Invalid date format"
  }
]
    at parse (D:\restaurant-management-system\backend\src\routes\venues.js:394:23)
    at Layer.handleRequest (D:\restaurant-management-system\backend\node_modules\router\lib\layer.js:152:17)
    at next (D:\restaurant-management-system\backend\node_modules\router\lib\route.js:157:13)
    at done (D:\restaurant-management-system\backend\node_modules\multer\lib\make-middleware.js:59:7)
    at indicateDone (D:\restaurant-management-system\backend\node_modules\multer\lib\make-middleware.js:63:68)
    at Multipart.<anonymous> (D:\restaurant-management-system\backend\node_modules\multer\lib\make-middleware.js:187:7)
    at Multipart.emit (node:events:518:28)
    at emitCloseNT (node:internal/streams/destroy:148:10)
    at processTicksAndRejections (node:internal/process/task_queues:89:21)

[2026-04-19T11:38:54.171Z] 500 ERROR: POST /api/venues/bookings
ZodError: [
  {
    "origin": "string",
    "code": "invalid_format",
    "format": "datetime",
    "pattern": "/^(?:(?:\\d\\d[2468][048]|\\d\\d[13579][26]|\\d\\d0[48]|[02468][048]00|[13579][26]00)-02-29|\\d{4}-(?:(?:0[13578]|1[02])-(?:0[1-9]|[12]\\d|3[01])|(?:0[469]|11)-(?:0[1-9]|[12]\\d|30)|(?:02)-(?:0[1-9]|1\\d|2[0-8])))T(?:(?:[01]\\d|2[0-3]):[0-5]\\d(?::[0-5]\\d(?:\\.\\d+)?)?(?:Z))$/",
    "path": [
      "bookingDate"
    ],
    "message": "Invalid date format"
  }
]
    at parse (D:\restaurant-management-system\backend\src\routes\venues.js:394:23)
    at Layer.handleRequest (D:\restaurant-management-system\backend\node_modules\router\lib\layer.js:152:17)
    at next (D:\restaurant-management-system\backend\node_modules\router\lib\route.js:157:13)
    at done (D:\restaurant-management-system\backend\node_modules\multer\lib\make-middleware.js:59:7)
    at indicateDone (D:\restaurant-management-system\backend\node_modules\multer\lib\make-middleware.js:63:68)
    at Multipart.<anonymous> (D:\restaurant-management-system\backend\node_modules\multer\lib\make-middleware.js:187:7)
    at Multipart.emit (node:events:518:28)
    at emitCloseNT (node:internal/streams/destroy:148:10)
    at processTicksAndRejections (node:internal/process/task_queues:89:21)

[2026-04-19T11:38:54.231Z] 500 ERROR: PUT /api/venues/bookings/undefined/cancel
PrismaClientValidationError: 
Invalid `prisma.venueBooking.findUnique()` invocation in
D:\restaurant-management-system\backend\src\routes\venues.js:501:51

  498 const memberId = req.user.id;
  499 const { reason } = req.body;
  500 
→ 501 const booking = await prisma.venueBooking.findUnique({
        where: {
      +   id: Int
        },
        include: {
          venue: true
        }
      })

Argument `id` is missing.
    at wn (D:\restaurant-management-system\backend\node_modules\@prisma\client\runtime\library.js:29:1363)
    at $n.handleRequestError (D:\restaurant-management-system\backend\node_modules\@prisma\client\runtime\library.js:121:6958)
    at $n.handleAndLogRequestError (D:\restaurant-management-system\backend\node_modules\@prisma\client\runtime\library.js:121:6623)
    at $n.request (D:\restaurant-management-system\backend\node_modules\@prisma\client\runtime\library.js:121:6307)
    at Array.$allOperations (D:\restaurant-management-system\backend\src\lib\prisma.js:17:32)
    at l (D:\restaurant-management-system\backend\node_modules\@prisma\client\runtime\library.js:130:9633)
    at D:\restaurant-management-system\backend\src\routes\venues.js:501:25

[2026-04-19T11:39:00.097Z] 500 ERROR: POST /api/deliveries
PrismaClientValidationError: 
Invalid `tx.delivery.create()` invocation in
D:\restaurant-management-system\backend\src\routes\deliveries.js:133:51

  130 
  131 // Create Delivery in Transaction
  132 const delivery = await prisma.$transaction(async (tx) => {
→ 133     const newDelivery = await tx.delivery.create({
            data: {
              supplierId: 99801,
              deliveryDate: new Date("2026-04-19T11:39:00.082Z"),
              deliveryStatus: "On-Process",
              deliveryItems: {
                create: [
                  {
                    productId: 99701,
                    quantity: 50
                  }
                ]
              }
            },
            include: {
              deliveryItems: {
                include: {
                  product: true
                }
              },
              supplier: true
            }
          })

Argument `unitPrice` is missing.
    at wn (D:\restaurant-management-system\backend\node_modules\@prisma\client\runtime\library.js:29:1363)
    at $n.handleRequestError (D:\restaurant-management-system\backend\node_modules\@prisma\client\runtime\library.js:121:6958)
    at $n.handleAndLogRequestError (D:\restaurant-management-system\backend\node_modules\@prisma\client\runtime\library.js:121:6623)
    at $n.request (D:\restaurant-management-system\backend\node_modules\@prisma\client\runtime\library.js:121:6307)
    at Array.$allOperations (D:\restaurant-management-system\backend\src\lib\prisma.js:17:32)
    at l (D:\restaurant-management-system\backend\node_modules\@prisma\client\runtime\library.js:130:9633)
    at D:\restaurant-management-system\backend\src\routes\deliveries.js:133:33
    at Proxy._transactionWithCallback (D:\restaurant-management-system\backend\node_modules\@prisma\client\runtime\library.js:130:8000)
    at D:\restaurant-management-system\backend\src\routes\deliveries.js:132:26

[2026-04-19T11:39:00.157Z] 500 ERROR: PUT /api/deliveries/undefined/status
PrismaClientValidationError: 
Invalid `prisma.delivery.findUnique()` invocation in
D:\restaurant-management-system\backend\src\routes\deliveries.js:173:55

  170 const deliveryId = parseInt(id)
  171 
  172 // 1. Check if delivery exists and its current status
→ 173 const currentDelivery = await prisma.delivery.findUnique({
        where: {
      +   id: Int
        },
        include: {
          deliveryItems: true
        }
      })

Argument `id` is missing.
    at wn (D:\restaurant-management-system\backend\node_modules\@prisma\client\runtime\library.js:29:1363)
    at $n.handleRequestError (D:\restaurant-management-system\backend\node_modules\@prisma\client\runtime\library.js:121:6958)
    at $n.handleAndLogRequestError (D:\restaurant-management-system\backend\node_modules\@prisma\client\runtime\library.js:121:6623)
    at $n.request (D:\restaurant-management-system\backend\node_modules\@prisma\client\runtime\library.js:121:6307)
    at Array.$allOperations (D:\restaurant-management-system\backend\src\lib\prisma.js:17:32)
    at l (D:\restaurant-management-system\backend\node_modules\@prisma\client\runtime\library.js:130:9633)
    at D:\restaurant-management-system\backend\src\routes\deliveries.js:173:33

[2026-04-19T11:41:04.318Z] 500 ERROR: POST /api/venues/bookings
ZodError: [
  {
    "origin": "string",
    "code": "invalid_format",
    "format": "datetime",
    "pattern": "/^(?:(?:\\d\\d[2468][048]|\\d\\d[13579][26]|\\d\\d0[48]|[02468][048]00|[13579][26]00)-02-29|\\d{4}-(?:(?:0[13578]|1[02])-(?:0[1-9]|[12]\\d|3[01])|(?:0[469]|11)-(?:0[1-9]|[12]\\d|30)|(?:02)-(?:0[1-9]|1\\d|2[0-8])))T(?:(?:[01]\\d|2[0-3]):[0-5]\\d(?::[0-5]\\d(?:\\.\\d+)?)?(?:Z))$/",
    "path": [
      "bookingDate"
    ],
    "message": "Invalid date format"
  }
]
    at parse (D:\restaurant-management-system\backend\src\routes\venues.js:394:23)
    at Layer.handleRequest (D:\restaurant-management-system\backend\node_modules\router\lib\layer.js:152:17)
    at next (D:\restaurant-management-system\backend\node_modules\router\lib\route.js:157:13)
    at done (D:\restaurant-management-system\backend\node_modules\multer\lib\make-middleware.js:59:7)
    at indicateDone (D:\restaurant-management-system\backend\node_modules\multer\lib\make-middleware.js:63:68)
    at Multipart.<anonymous> (D:\restaurant-management-system\backend\node_modules\multer\lib\make-middleware.js:187:7)
    at Multipart.emit (node:events:518:28)
    at emitCloseNT (node:internal/streams/destroy:148:10)
    at processTicksAndRejections (node:internal/process/task_queues:89:21)

[2026-04-19T11:42:15.150Z] 500 ERROR: POST /api/venues/bookings
ZodError: [
  {
    "origin": "string",
    "code": "invalid_format",
    "format": "datetime",
    "pattern": "/^(?:(?:\\d\\d[2468][048]|\\d\\d[13579][26]|\\d\\d0[48]|[02468][048]00|[13579][26]00)-02-29|\\d{4}-(?:(?:0[13578]|1[02])-(?:0[1-9]|[12]\\d|3[01])|(?:0[469]|11)-(?:0[1-9]|[12]\\d|30)|(?:02)-(?:0[1-9]|1\\d|2[0-8])))T(?:(?:[01]\\d|2[0-3]):[0-5]\\d(?::[0-5]\\d(?:\\.\\d+)?)?(?:Z))$/",
    "path": [
      "bookingDate"
    ],
    "message": "Invalid date format"
  }
]
    at parse (D:\restaurant-management-system\backend\src\routes\venues.js:394:23)
    at Layer.handleRequest (D:\restaurant-management-system\backend\node_modules\router\lib\layer.js:152:17)
    at next (D:\restaurant-management-system\backend\node_modules\router\lib\route.js:157:13)
    at done (D:\restaurant-management-system\backend\node_modules\multer\lib\make-middleware.js:59:7)
    at indicateDone (D:\restaurant-management-system\backend\node_modules\multer\lib\make-middleware.js:63:68)
    at Multipart.<anonymous> (D:\restaurant-management-system\backend\node_modules\multer\lib\make-middleware.js:187:7)
    at Multipart.emit (node:events:518:28)
    at emitCloseNT (node:internal/streams/destroy:148:10)
    at processTicksAndRejections (node:internal/process/task_queues:89:21)
